facility_code,facility_name,network_id,network_region,latitude,longitude,unit_code,unit_code_display,fueltech_id,status_id,capacity_registered,capacity_maximum,capacity_storage,max_generation,registered_date,expected_closure_date,data_first_seen,data_last_seen
ADP,Adelaide Desalination,NEM,SA1,-35.096948,138.484061,ADPBA1,ADPBA1,battery,operating,7.76,6.15,12.6,6.645,,2040-12-31T14:00:00+08:00,2024-09-18T10:40:00+08:00,2026-07-31T06:15:00+08:00
ADP,Adelaide Desalination,NEM,SA1,-35.096948,138.484061,ADPPV1,ADPPV1,solar_utility,operating,24.75,19,,20.433,,2040-12-31T14:00:00+08:00,2021-05-18T13:10:00+08:00,2026-07-27T10:05:00+08:00
ADP,Adelaide Desalination,NEM,SA1,-35.096948,138.484061,ADPPV2,ADPPV2,solar_utility,operating,0.2,0.2,,,,2040-12-31T14:00:00Z,,
ADP,Adelaide Desalination,NEM,SA1,-35.096948,138.484061,ADPPV3,ADPPV3,solar_utility,operating,0.02,0.02,,,,2049-12-31T14:00:00Z,,
ADP,Adelaide Desalination,NEM,SA1,-35.096948,138.484061,ADPMH1,ADPMH1,hydro,operating,1.44,1,,,,2049-12-31T14:00:00Z,,
ALBANY,Albany,WEM,WEM,-35.065835,117.797506,ALBANY_WF1,ALBANY_WF1,wind,operating,21.6,21.6,,21.001,,2040-12-31T16:00:00+10:00,2013-12-18T08:00:00+10:00,2026-08-01T14:15:00+10:00
ALDGASF,Aldoga,NEM,QLD1,-23.839544,151.0849,ALDGASF1,ALDGASF1,solar_utility,operating,535.21,387,,392.8883,,2055-12-31T14:00:00+08:00,2025-03-21T15:05:00+08:00,2026-08-01T16:20:00+08:00
ANGASTON,Angaston,NEM,SA1,-34.503389,139.02458,ANGAST1,ANGAST1,distillate,operating,50,50,,50.6,,2069-12-31T14:00:00+08:00,2016-05-27T12:10:00+08:00,2026-07-14T21:05:00+08:00
APPIN,Appin,NEM,NSW1,-34.210868,150.792711,APPIN,APPIN,gas_wcmg,operating,55.6,55,,,,2035-12-31T14:00:00Z,,
ARWF,Ararat,NEM,VIC1,-37.263393,143.082116,ARWF1,ARWF1,wind,operating,241.59,241,,237,,2046-12-31T14:00:00+10:00,2016-08-19T10:35:00+10:00,2026-08-01T16:20:00+10:00
AVLSF,Avonlie,NEM,NSW1,-34.913826,146.590545,AVLSF1,AVLSF1,solar_utility,operating,254.1,190,,190.0565,,2057-12-31T14:00:00+10:00,2023-03-28T13:25:00+10:00,2026-08-01T16:20:00+10:00
BADGINGARRA,Badgingarra,WEM,WEM,-30.439924,115.324045,BADGINGARRA_WF1,BADGINGARRA_WF1,wind,operating,130,130,,131.04,,,2019-01-14T14:00:00+10:00,2026-08-01T14:15:00+10:00
DEIBDL,Bairnsdale,NEM,VIC1,-37.842918,147.563855,BDL01,BDL01,gas_ocgt,operating,46,48,,48.32,,2041-12-31T14:00:00+10:00,2001-05-22T17:15:00+10:00,2026-07-31T23:15:00+10:00
DEIBDL,Bairnsdale,NEM,VIC1,-37.842918,147.563855,BDL02,BDL02,gas_ocgt,operating,46,48,,47.68,,2041-12-31T14:00:00+10:00,2001-12-20T17:25:00+10:00,2026-04-19T20:45:00+10:00
BAKING,Baking Board,NEM,QLD1,-26.720639,150.553781,BAKING1,BAKING1,solar_utility,operating,17.5,14,,,,2043-12-31T14:00:00Z,,
BHWF,Bald Hills,NEM,VIC1,-38.746897,145.949104,BALDHWF1,BALDHWF1,wind,operating,106.6,106,,105.928,,2039-12-31T14:00:00+10:00,2015-02-24T07:45:00+10:00,2026-08-01T15:40:00+10:00
BALBESS,Ballarat,NEM,VIC1,-37.567603,143.919894,BALB1,BALB1,battery,operating,30,30,30,30.35,,2032-12-31T14:00:00+10:00,2024-08-08T05:00:00+10:00,2026-08-01T14:20:00+10:00
BANGOWF,Bango,NEM,NSW1,-34.767208,148.921499,BANGOWF2,BANGOWF2,wind,operating,84.8,82,,83.9987,,2044-12-31T14:00:00+10:00,2021-06-10T16:50:00+10:00,2026-08-01T14:05:00+10:00
BANGOWF,Bango,NEM,NSW1,-34.767208,148.921499,BANGOWF1,BANGOWF1,wind,operating,159,155,,156.7968,,2044-12-31T14:00:00+10:00,2021-01-14T11:40:00+10:00,2026-08-01T15:45:00+10:00
BAPS,Banimboola,NEM,VIC1,-36.534342,147.45934,BAPS,BAPS,hydro,operating,12.85,13,,,,2056-12-31T14:00:00Z,,
BANNSP,Bannerton,NEM,VIC1,-34.687324,142.77895,BANN1,BANN1,solar_utility,operating,100,88,,89.05,,2048-12-31T14:00:00+10:00,2018-07-20T14:40:00+10:00,2026-08-01T16:20:00+10:00
BARCALDN,Barcaldine,NEM,QLD1,-23.552279,145.314856,BARCALDN,BARCALDN,gas_ccgt,operating,37,37,,96,,2034-12-31T14:00:00+10:00,1998-12-07T07:40:00+10:00,2026-07-02T19:45:00+10:00
BARCSF,Barcaldine,NEM,QLD1,-23.547776,145.318817,BARCSF1,BARCSF1,solar_utility,operating,20,20,,20.5,,2048-12-31T14:00:00+10:00,2016-12-21T14:55:00+10:00,2026-08-01T16:20:00+10:00
BARKIPS,Barker Inlet,NEM,SA1,-34.803695,138.523864,BARKIPS1,BARKIPS1,gas_recip,operating,211,210,,212.65,,2043-12-31T14:00:00+10:00,2019-10-15T16:55:00+10:00,2026-08-01T09:50:00+10:00
BARRON,Barron Gorge,NEM,QLD1,-16.850852,145.646758,BARRON-2,BARRON-2,hydro,operating,30,33,,36.8,,2062-12-31T14:00:00+10:00,1998-12-08T11:15:00+10:00,2026-07-31T19:55:00+10:00
BARRON,Barron Gorge,NEM,QLD1,-16.850852,145.646758,BARRON-1,BARRON-1,hydro,operating,30,33,,37,,2062-12-31T14:00:00+10:00,1998-12-22T09:05:00+10:00,2026-08-01T16:20:00+10:00
BASTYAN,Bastyan,NEM,TAS1,-41.736045,145.532064,BASTYAN,BASTYAN,hydro,operating,79.9,88,,83.21,,2099-12-31T14:00:00+10:00,2005-05-16T13:35:00+10:00,2026-08-01T16:20:00+10:00
BAYSW,Bayswater,NEM,NSW1,-32.394981,150.94949,BW04,BW04,coal_black,operating,660,685,,726.01,,2032-12-31T14:00:00+10:00,1998-12-07T02:50:00+10:00,2026-08-01T16:20:00+10:00
BAYSW,Bayswater,NEM,NSW1,-32.394981,150.94949,BW03,BW03,coal_black,operating,660,685,,719.6765,,2032-12-31T14:00:00+10:00,1998-12-07T02:50:00+10:00,2026-08-01T16:20:00+10:00
BAYSW,Bayswater,NEM,NSW1,-32.394981,150.94949,BW01,BW01,coal_black,operating,660,660,,1498,,2032-12-31T14:00:00+10:00,1998-12-07T02:50:00+10:00,2026-08-01T16:20:00+10:00
BAYSW,Bayswater,NEM,NSW1,-32.394981,150.94949,BW02,BW02,coal_black,operating,660,685,,748.225,,2032-12-31T14:00:00+10:00,1998-12-07T02:50:00+10:00,2026-08-01T16:20:00+10:00
BBP31,Bell Bay Three,NEM,TAS1,-41.139324,146.905522,TVPP104,TVPP104,gas_ocgt,operating,58,58,,58.4126,,2049-12-31T14:00:00+10:00,2009-04-01T18:20:00+10:00,2026-07-31T09:10:00+10:00
BBP31,Bell Bay Three,NEM,TAS1,-41.139324,146.905522,BBTHREE3,BBTHREE3,gas_ocgt,operating,35,49,,45.11,,2039-12-31T14:00:00+10:00,2006-06-29T15:10:00+10:00,2026-07-13T18:10:00+10:00
BBP31,Bell Bay Three,NEM,TAS1,-41.139324,146.905522,BBTHREE1,BBTHREE1,gas_ocgt,operating,35,49,,110.57,,2039-12-31T14:00:00+10:00,2006-07-26T14:30:00+10:00,2026-07-08T20:05:00+10:00
BBP31,Bell Bay Three,NEM,TAS1,-41.139324,146.905522,BBTHREE2,BBTHREE2,gas_ocgt,operating,35,49,,109.87,,2039-12-31T14:00:00+10:00,2006-08-21T17:15:00+10:00,2026-04-30T10:35:00+10:00
BLAIRFOX_BEROSRD_WF,Beros Road,WEM,WEM,-29.957885,115.362947,BLAIRFOX_BEROSRD_WF1,BLAIRFOX_BEROSRD_WF1,wind,operating,9.5,9.5,,8.62,,,2019-07-29T08:00:00+08:00,2026-08-01T14:15:00+08:00
BRYB1WF1,Berrybank,NEM,VIC1,-37.885519,143.453446,BRYB1WF1,BRYB1WF1,wind,operating,180.6,175.9,,179,,2049-12-31T14:00:00+10:00,2021-02-16T00:05:00+10:00,2026-08-01T16:20:00+10:00
BRYB1WF1,Berrybank,NEM,VIC1,-37.885519,143.453446,BRYB2WF2,BRYB2WF2,wind,operating,109,105,,105.9495,,2051-12-31T14:00:00+10:00,2022-11-29T07:50:00+10:00,2026-08-01T16:20:00+10:00
BERYLSF,Beryl,NEM,NSW1,-32.356446,149.470517,BERYLSF1,BERYLSF1,solar_utility,operating,98,87,,87.4758,,2048-12-31T14:00:00+10:00,2019-04-23T09:55:00+10:00,2026-08-01T16:20:00+10:00
BIALAWF,Biala,NEM,NSW1,-34.587836,149.369848,GULLRWF2,GULLRWF2,wind,operating,110,107,,110.6223,,2049-12-31T14:00:00+10:00,2020-06-20T12:10:00+10:00,2026-08-01T16:20:00+10:00
BLAYNEY,Blayney,NEM,NSW1,-33.621944,149.198333,BLAYNEY,BLAYNEY,wind,operating,9.9,9.9,,,,2029-12-31T14:00:00Z,,
SNOWY6,Blowering,NEM,NSW1,-35.398563,148.246201,BLOWERNG,BLOWERNG,hydro,operating,80,80,,80.3,,2069-12-31T14:00:00+10:00,2001-08-07T13:50:00+10:00,2026-02-27T12:20:00+10:00
BLUEGSF,Blue Grass,NEM,QLD1,-26.682643,150.504537,BLUEGSF1,BLUEGSF1,solar_utility,operating,183,148,,152.2352,,2056-12-31T14:00:00+10:00,2022-08-01T13:15:00+10:00,2026-08-01T16:20:00+10:00
BLUEWATERS,Bluewaters,WEM,WEM,-33.330601,116.227816,BW2_BLUEWATERS_G1,BW2_BLUEWATERS_G1,coal_black,operating,217,217,,221.3599,,2027-09-30T16:00:00+10:00,2013-12-17T08:00:00+10:00,2026-08-01T14:15:00+10:00
BLUEWATERS,Bluewaters,WEM,WEM,-33.330601,116.227816,BW1_BLUEWATERS_G2,BW1_BLUEWATERS_G2,coal_black,operating,217,217,,222.5,,2027-09-30T16:00:00+10:00,2013-12-17T08:00:00+10:00,2026-08-01T14:15:00+10:00
BLYTHB,Blyth,NEM,SA1,-33.848475,138.403204,BLYTHB1,BLYTHB1,battery,operating,281,200,400,201.49,,2043-12-31T14:00:00+10:00,2024-09-06T13:55:00+10:00,2026-08-01T16:15:00+10:00
BOCOROCK,Boco Rock,NEM,NSW1,-36.574527,149.124863,BOCORWF1,BOCORWF1,wind,operating,113.18,111,,113,,2039-12-31T14:00:00+10:00,2014-08-29T00:10:00+10:00,2026-08-01T16:20:00+10:00
BODWF,Bodangora,NEM,NSW1,-32.414669,149.099633,BODWF1,BODWF1,wind,operating,113.19,111,,113.4136,,2048-12-31T14:00:00+10:00,2018-08-08T11:40:00+10:00,2026-08-01T16:20:00+10:00
MCKAY,Bogong / Mackay,NEM,VIC1,-36.858282,147.234146,MCKAY1,MCKAY1,hydro,operating,300,300,,312.155,,2056-12-31T14:00:00+10:00,1998-12-07T06:35:00+10:00,2026-08-01T16:20:00+10:00
BOLIVAR,Bolivar,NEM,SA1,-34.495482,138.387641,BOWWBA1,BOWWBA1,battery,operating,3,2,5,2.543,,2044-12-31T14:00:00+10:00,2024-09-18T11:25:00+10:00,2026-08-01T16:20:00+10:00
BOLIVAR,Bolivar,NEM,SA1,-34.495482,138.387641,BOWWPV1,BOWWPV1,solar_utility,operating,8.25,6,,6.577,,2044-12-31T14:00:00+10:00,2022-02-23T09:55:00+10:00,2026-08-01T16:20:00+10:00
BOLIVAR,Bolivar,NEM,SA1,-34.495482,138.387641,BOLIVAR1,BOLIVAR1,bioenergy_biogas,operating,9.9,10,,,,2044-12-31T14:00:00Z,,
BOLIVPS,Bolivar,NEM,SA1,-34.7772,138.5826,BOLIVPS1,BOLIVPS1,gas_ocgt,operating,128,127,,129.09,,2044-12-31T14:00:00+10:00,2022-12-10T17:45:00+10:00,2026-08-01T16:20:00+10:00
BOMENSF,Bomen,NEM,NSW1,-35.046577,147.442585,BOMENSF1,BOMENSF1,solar_utility,operating,121,100,,101.0812,,2049-12-31T14:00:00+10:00,2020-03-17T06:55:00+10:00,2026-08-01T16:20:00+10:00
BBATTERY,Bouldercombe,NEM,QLD1,-23.535251,150.489057,BBATTERY1,BBATTERY1,battery,operating,67,50,100,50.0482,,2041-12-31T14:00:00+10:00,2024-10-16T13:10:00+10:00,2026-08-01T16:20:00+10:00
BRAEMARA,Braemar,NEM,QLD1,-27.110488,150.905683,BRAEMAR2,BRAEMAR2,gas_ocgt,operating,168,188,,189.2,,2045-12-31T14:00:00+10:00,2006-06-02T12:25:00+10:00,2026-06-18T22:15:00+10:00
BRAEMARA,Braemar,NEM,QLD1,-27.110488,150.905683,BRAEMAR1,BRAEMAR1,gas_ocgt,operating,168,188,,189.1031,,2045-12-31T14:00:00+10:00,2006-05-10T11:00:00+10:00,2026-05-25T20:15:00+10:00
BRAEMARA,Braemar,NEM,QLD1,-27.110488,150.905683,BRAEMAR3,BRAEMAR3,gas_ocgt,operating,168,188,,188.2,,2045-12-31T14:00:00+10:00,2006-06-08T16:30:00+10:00,2026-07-09T20:30:00+10:00
B2PS,Braemar 2,NEM,QLD1,-27.112874,150.905442,BRAEMAR6,BRAEMAR6,gas_ocgt,operating,173,173,,174.1578,,2048-12-31T14:00:00+10:00,2009-04-07T15:35:00+10:00,2026-07-27T20:15:00+10:00
B2PS,Braemar 2,NEM,QLD1,-27.112874,150.905442,BRAEMAR7,BRAEMAR7,gas_ocgt,operating,173,173,,174.7016,,2048-12-31T14:00:00+10:00,2009-04-25T09:50:00+10:00,2026-08-01T16:20:00+10:00
B2PS,Braemar 2,NEM,QLD1,-27.112874,150.905442,BRAEMAR5,BRAEMAR5,gas_ocgt,operating,173,173,,174.2787,,2048-12-31T14:00:00+10:00,2009-03-27T16:35:00+10:00,2026-08-01T16:20:00+10:00
BREMER_BAY,Bremer Bay,WEM,WEM,-34.399033,119.389377,BREMER_BAY_WF1,BREMER_BAY_WF1,wind,operating,0.6,0.6,,94.3667,,2033-12-31T16:00:00+10:00,2013-12-18T08:00:00+10:00,2026-08-01T14:15:00+10:00
BRNDBES,Brendale,NEM,QLD1,-27.329333,152.974384,BRNDBES1,BRNDBES1,battery,operating,215,205,410,206.7621,,2065-12-31T14:00:00+08:00,2025-09-09T15:45:00+08:00,2026-08-01T16:20:00+08:00
BRDD,Broadsound,NEM,QLD1,-22.810001,149.36302,BRDDBES1,BRDDBES1,battery,operating,240,180,360,182.4976,,2055-12-31T14:00:00+10:00,2026-04-22T10:50:00+10:00,2026-08-01T16:20:00+10:00
BRDD,Broadsound,NEM,QLD1,-22.810001,149.36302,BRDDSF01,BRDDSF01,solar_utility,commissioning,368,296,,256.8929,,2055-12-31T14:00:00+10:00,2025-12-24T00:20:00+10:00,2026-08-01T16:00:00+10:00
BWTR1,Broadwater,NEM,NSW1,-29.016483,153.445756,BWTR1,BWTR1,bioenergy_biomass,operating,38,38,,28.5228,,2037-12-31T14:00:00+10:00,2023-08-01T00:05:00+10:00,2026-08-01T16:10:00+10:00
BHILLGT,Broken Hill,NEM,NSW1,-31.986313,141.42062,GB01,GB01,distillate,operating,50,50,,45.528,,2026-12-31T14:00:00+10:00,2009-07-02T18:00:00+10:00,2026-07-11T13:00:00+10:00
BROKENH,Broken Hill,NEM,NSW1,-31.987538,141.391994,BROKENH1,BROKENH1,solar_utility,operating,53,53,,54.8943,,2042-12-31T14:00:00+10:00,2015-09-15T10:55:00+10:00,2026-08-01T16:20:00+10:00
BHB,Broken Hill Battery,NEM,NSW1,-31.986306,141.422951,BHB1,BHB1,battery,operating,66,50,50,50.2277,,2042-12-31T14:00:00+10:00,2024-08-08T17:55:00+10:00,2026-08-01T16:20:00+10:00
BROOKLYN,Brooklyn,NEM,VIC1,-37.818597,144.828492,BROOKLYN,BROOKLYN,bioenergy_biogas,operating,2.83,3,,,,2049-12-31T14:00:00Z,,
BROWNMT,Brown Mountain,NEM,NSW1,-36.594993,149.473997,BROWNMT,BROWNMT,hydro,operating,5,6,,,,,,
BPLANDF,Browns Plains,NEM,QLD1,-27.674584,153.068499,BPLANDF1,BPLANDF1,bioenergy_biogas,operating,2,2,,,,2049-12-31T14:00:00Z,,
BULGANA,Bulgana Green Power Hub,NEM,VIC1,-37.039507,142.982799,BULBES1,BULBES1,battery,operating,24,20,34,22.84,,2048-12-31T14:00:00+10:00,2024-10-02T13:10:00+10:00,2026-08-01T16:20:00+10:00
BULGANA,Bulgana Green Power Hub,NEM,VIC1,-37.039507,142.982799,BULGANA1,BULGANA1,wind,operating,204,204,,204.56,,2048-12-31T14:00:00+10:00,2020-05-14T11:15:00+10:00,2026-08-01T16:20:00+10:00
BUSF,Bundaberg,NEM,QLD1,-24.943515,152.020698,BUSF1,BUSF1,solar_utility,operating,101,78,,78.39,,2054-12-31T14:00:00+10:00,2026-03-04T13:35:00+10:00,2026-08-01T16:20:00+10:00
BNGSF1,Bungala One,NEM,SA1,-32.415846,137.841225,BNGSF1,BNGSF1,solar_utility,operating,135,110,,113.47,,2043-12-31T14:00:00+10:00,2018-05-14T17:50:00+10:00,2026-08-01T16:20:00+10:00
BNGSF2,Bungala Two,NEM,SA1,-32.415846,137.841225,BNGSF2,BNGSF2,solar_utility,operating,135,110,,111.3067,,2043-12-31T14:00:00+10:00,2018-10-30T08:15:00+10:00,2026-08-01T16:20:00+10:00
BUNGAMB,Bungama,NEM,SA1,-33.191223,138.08733,BUNGAMB1,BUNGAMB1,battery,operating,217,150,300,150.09,,2050-12-31T14:00:00+10:00,2025-12-16T14:15:00+10:00,2026-08-01T16:20:00+10:00
BDONGHYD,Burrendong,NEM,NSW1,-32.664624,149.107959,BDONGHYD,BDONGHYD,hydro,operating,19,19,,,,2035-12-31T14:00:00Z,,
BURRIN,Burrinjuck,NEM,NSW1,-35.003008,148.582864,BURRIN,BURRIN,hydro,operating,34,34,,,,2059-12-31T14:00:00Z,,
BUTLERSG,Butlers Gorge,NEM,TAS1,-42.266898,146.261823,BUTLERSG,BUTLERSG,hydro,operating,14.4,15,,14,,2099-12-31T14:00:00+10:00,2009-07-01T00:05:00+10:00,2026-08-01T16:20:00+10:00
CALL_B,Callide B,NEM,QLD1,-24.346016,150.61856,CALL_B_2,CALL_B_2,coal_black,operating,350,385,,376.75,,2030-12-31T14:00:00+10:00,1998-12-07T02:50:00+10:00,2026-08-01T16:20:00+10:00
CALL_B,Callide B,NEM,QLD1,-24.346016,150.61856,CALL_B_1,CALL_B_1,coal_black,operating,350,385,,386,,2030-12-31T14:00:00+10:00,1998-12-07T02:50:00+10:00,2026-08-01T16:20:00+10:00
CALLIDEC1,Callide C,NEM,QLD1,-24.346016,150.61856,CPP_3,CPP_3,coal_black,operating,466,466,,504.35,,2037-12-31T14:00:00+10:00,2001-02-08T10:05:00+10:00,2026-08-01T16:20:00+10:00
CALLIDEC1,Callide C,NEM,QLD1,-24.346016,150.61856,CPP_4,CPP_4,coal_black,operating,420,466,,482.35,,2037-12-31T14:00:00+10:00,2001-08-01T14:40:00+10:00,2026-08-01T16:20:00+10:00
CANUNDA1,Canunda,NEM,SA1,-37.698303,140.383633,CNUNDAWF,CNUNDAWF,wind,operating,46,46,,45.0608,,2034-12-31T14:00:00+10:00,2009-07-01T00:05:00+10:00,2026-08-01T16:20:00+10:00
CAPBES,Capital,NEM,NSW1,-35.338251,149.215529,CAPBES1,CAPBES1,battery,operating,125,100,200,101.61,,2047-12-31T14:00:00+10:00,2024-09-24T14:50:00+10:00,2026-08-01T16:20:00+10:00
CAPTL_WF,Capital,NEM,NSW1,-35.123534,149.500249,CAPTL_WF,CAPTL_WF,wind,operating,140,140,,138.6016,,2039-12-31T14:00:00+10:00,2009-07-04T17:10:00+10:00,2026-08-01T06:00:00+10:00
CESF,Capital East,NEM,NSW1,-35.180684,149.546482,CESF1,CESF1,solar_utility,operating,0.2,1,,,,2042-12-31T14:00:00Z,,
CRWARP,Carwarp,NEM,VIC1,-34.454955,142.15808,CRWARP1,CRWARP1,solar_utility,operating,186,150,,190.65,,,2025-12-05T11:35:00+10:00,2026-08-01T16:20:00+10:00
LI_WY_CA,Catagunya / Liapootah / Wayatinah,NEM,TAS1,-42.376279,146.510051,LI_WY_CA,LI_WY_CA,hydro,operating,173.7,192,,183.7836,,2099-12-31T14:00:00+10:00,2005-05-16T13:35:00+10:00,2026-08-01T16:20:00+10:00
CATHROCK,Cathedral Rocks,NEM,SA1,-34.848741,135.592649,CATHROCK,CATHROCK,wind,operating,66,66,,63.8,,2029-12-31T14:00:00+10:00,2009-07-01T00:05:00+10:00,2026-08-01T16:20:00+10:00
CTHLWF,Cattle Hill,NEM,TAS1,-42.149661,146.724045,CTHLWF1,CTHLWF1,wind,operating,148,144,,145.0675,,2043-12-31T14:00:00+10:00,2020-01-07T09:35:00+10:00,2026-08-01T16:20:00+10:00
CETHANA,Cethana,NEM,TAS1,-41.480804,146.134511,CETHANA,CETHANA,hydro,operating,85,100,,101.5152,,2099-12-31T14:00:00+10:00,2005-05-16T17:05:00+10:00,2026-08-01T16:20:00+10:00
CHALLWF,Challicum Hills,NEM,VIC1,-37.395466,143.10459,CHALLHWF,CHALLHWF,wind,operating,52.5,52,,57.9999,,2029-12-31T14:00:00+10:00,2009-07-01T00:05:00+10:00,2026-08-01T16:20:00+10:00
CHPSTWF,Chepstowe,NEM,VIC1,-37.596503,143.499582,CHPSTWF1,CHPSTWF1,wind,operating,6.15,6,,,,2038-12-31T14:00:00Z,,
CHYTWF,Cherry Tree,NEM,VIC1,-37.1018,145.2656,CHYTWF1,CHYTWF1,wind,operating,57.6,57,,57.6,,2049-12-31T14:00:00+10:00,2020-05-01T18:40:00+10:00,2026-08-01T16:20:00+10:00
CHILDSF,Childers,NEM,QLD1,-25.305189,152.402663,CHILDSF1,CHILDSF1,solar_utility,operating,64.38,56,,56.56,,2048-12-31T14:00:00+10:00,2019-02-06T15:10:00+10:00,2026-08-01T16:20:00+10:00
CHBESS,Chinchilla,NEM,QLD1,-26.918551,150.745399,CHBESS1,CHBESS1,battery,operating,134,100,200,100.0497,,2038-12-31T14:00:00+10:00,2024-10-31T11:10:00+10:00,2026-08-01T16:20:00+10:00
CBWWBA,Christies Beach,NEM,SA1,-35.125958,138.47135,CBWWBA1,CBWWBA1,battery,operating,2.16,2.14,4.32,2.246,,2044-12-31T14:00:00+10:00,2024-09-18T12:10:00+10:00,2026-08-01T15:40:00+10:00
CBWWBA,Christies Beach,NEM,SA1,-35.125958,138.47135,CBWWPV1,CBWWPV1,solar_utility,operating,2.75,2,,,,2040-12-31T14:00:00Z,,
CBWWBA,Christies Beach,NEM,SA1,-35.125958,138.47135,CBWWBG1,CBWWBG1,bioenergy_biogas,operating,0.66,0.66,,,,2040-12-31T14:00:00Z,,
CBWWBA,Christies Beach,NEM,SA1,-35.125958,138.47135,CBWWDG1,CBWWDG1,distillate,operating,2,1,,,,2040-12-31T14:00:00Z,,
CBWWBA,Christies Beach,NEM,SA1,-35.125958,138.47135,CBWWDG2,CBWWDG2,distillate,operating,0.72,0.72,,,,2040-12-31T14:00:00Z,,
CBWWBA,Christies Beach,NEM,SA1,-35.125958,138.47135,CBWWPV2,CBWWPV2,solar_utility,operating,1.08,0.81,,,,2041-01-01T00:00:00Z,,
CLARESF,Clare,NEM,QLD1,-19.839817,147.204884,CLARESF1,CLARESF1,solar_utility,operating,110.26,100,,100.2906,,2046-12-31T14:00:00+10:00,2018-04-17T09:15:00+10:00,2026-08-01T16:20:00+10:00
CLRKCWF,Clarke Creek,NEM,QLD1,-22.850446,149.453252,CLRKCWF2,CLRKCWF2,wind,operating,103.5,101,,102.171,,2048-12-31T14:00:00+10:00,2025-04-30T14:40:00+10:00,2026-08-01T16:20:00+10:00
CLRKCWF,Clarke Creek,NEM,QLD1,-22.850446,149.453252,CLRKCWF1,CLRKCWF1,wind,operating,345.5,338,,338.362,,2048-12-31T14:00:00+10:00,2024-10-02T02:05:00+10:00,2026-08-01T16:20:00+10:00
CLAYTON,Clayton,NEM,VIC1,-37.950618,145.119681,CLAYTON,CLAYTON,bioenergy_biogas,operating,11,11,,,,2024-12-31T14:00:00Z,,
CLEMGPWF,Clements Gap,NEM,SA1,-33.489773,138.111695,CLEMGPWF,CLEMGPWF,wind,operating,57,57,,137.0106,,2038-12-31T14:00:00+10:00,2009-05-07T15:35:00+10:00,2026-08-01T14:30:00+10:00
CLEMGPWF,Clements Gap,NEM,SA1,-33.489773,138.111695,CGBESS01,CGBESS01,battery,operating,90.5,60,120,60.28,,2045-12-31T14:00:00+10:00,2026-01-22T12:15:00+10:00,2026-08-01T16:15:00+10:00
CLERMSF,Clermont,NEM,QLD1,-22.837763,147.579322,CLERMSF1,CLERMSF1,solar_utility,operating,92,75,,76.11,,2048-12-31T14:00:00+10:00,2019-06-19T09:55:00+10:00,2026-08-01T16:20:00+10:00
CLOVER,Clover,NEM,VIC1,-36.785257,147.220466,CLOVER,CLOVER,hydro,operating,37.5,37.5,,29.05,,2056-12-31T14:00:00+10:00,2009-07-01T00:05:00+10:00,2026-07-06T07:30:00+10:00
CLUNY,Cluny,NEM,TAS1,-42.506442,146.68104,CLUNY,CLUNY,hydro,operating,19,22,,22.0879,,2099-12-31T14:00:00+10:00,2009-07-01T00:05:00+10:00,2026-08-01T16:20:00+10:00
COCKBURN,Cockburn,WEM,WEM,-32.200134,115.773988,COCKBURN_CCG1,COCKBURN_CCG1,gas_ccgt,operating,249.7,249.7,,266,,2032-12-31T16:00:00+10:00,2013-12-18T08:00:00+10:00,2026-07-02T21:50:00+10:00
CODRGTON,Codrington,NEM,VIC1,-38.282875,141.95496,CODRNGTON,CODRNGTON,wind,operating,18.2,18,,,,2026-12-31T14:00:00Z,,
COHUNSF1,Cohuna,NEM,VIC1,-35.886553,144.217421,COHUNSF1,COHUNSF1,solar_utility,operating,31.1,27,,27.49,,2044-12-31T14:00:00+10:00,2021-03-05T15:30:00+10:00,2026-08-01T16:20:00+10:00
COLEASF,Coleambally,NEM,NSW1,-34.762456,145.928786,COLEASF1,COLEASF1,solar_utility,operating,180,150,,150.9609,,2042-12-31T14:00:00+10:00,2018-09-07T10:40:00+10:00,2026-08-01T16:20:00+10:00
COLWF01,Collector,NEM,NSW1,-34.862066,149.388245,COLWF01,COLWF01,wind,operating,226,219,,218.995,,2045-12-31T14:00:00+10:00,2020-11-12T21:05:00+10:00,2026-08-01T16:20:00+10:00
INVESTEC_COLLGAR,Collgar,WEM,WEM,-31.542533,118.456525,INVESTEC_COLLGAR_WF1,INVESTEC_COLLGAR_WF1,wind,operating,222,222,,218.5,,2040-12-31T16:00:00+10:00,2013-12-17T08:00:00+10:00,2026-08-01T14:15:00+10:00
COLLIE,Collie,WEM,WEM,-33.342097,116.261439,COLLIE_G1,COLLIE_G1,coal_black,operating,318.3,318.3,,342.969,,2027-09-30T16:00:00+10:00,2013-12-18T08:00:00+10:00,2026-08-01T14:15:00+10:00
COLLIE_ESR4,Collie,WEM,WEM,-33.336691,116.261109,COLLIE_ESR4,COLLIE_ESR4,battery,operating,250,250,1200,251.7333,,2054-12-31T16:00:00+08:00,2025-10-14T11:00:00+08:00,2026-08-01T08:25:00+08:00
COLLIE_ESR,Collie 1,WEM,WEM,-33.311307,116.293545,COLLIE_ESR1,COLLIE_ESR1,battery,operating,219,219,877,200,,2048-12-31T16:00:00+08:00,2025-09-02T08:00:00+08:00,2026-08-01T07:45:00+08:00
COLLIE_BESS2,Collie 2,WEM,WEM,-33.303201,116.296291,COLLIE_BESS2,COLLIE_BESS2,battery,operating,341,341,1363,300,,2044-12-31T16:00:00+08:00,2025-09-02T08:00:00+08:00,2026-08-01T07:20:00+08:00
COLLIE_ESR5,Collie 2,WEM,WEM,-33.336691,116.261109,COLLIE_ESR5,COLLIE_ESR5,battery,operating,250,250,1200,252.5601,,2054-12-31T16:00:00+08:00,2025-11-04T12:05:00+08:00,2026-08-01T08:50:00+08:00
CSPVPS,Collinsville,NEM,QLD1,-20.541215,147.807432,CSPVPS1,CSPVPS1,solar_utility,operating,42,40,,41.612,,2043-12-31T14:00:00+10:00,2018-07-31T14:30:00+10:00,2026-08-01T16:20:00+10:00
COLONGRA,Colongra,NEM,NSW1,-33.209801,151.544968,CG2,CG2,gas_ocgt,operating,181,181,,192.6963,,2069-12-31T14:00:00+08:00,2009-07-23T12:30:00+08:00,2026-07-21T09:05:00+08:00
COLONGRA,Colongra,NEM,NSW1,-33.209801,151.544968,CG1,CG1,gas_ocgt,operating,181,181,,195.805,,2069-12-31T14:00:00+08:00,2009-06-22T17:45:00+08:00,2026-07-20T09:05:00+08:00
COLONGRA,Colongra,NEM,NSW1,-33.209801,151.544968,CG4,CG4,gas_ocgt,operating,181,181,,192.7412,,2069-12-31T14:00:00+08:00,2009-10-21T20:40:00+08:00,2026-07-17T09:05:00+08:00
COLONGRA,Colongra,NEM,NSW1,-33.209801,151.544968,CG3,CG3,gas_ocgt,operating,181,181,,197.4888,,2069-12-31T14:00:00+08:00,2009-09-12T18:35:00+08:00,2026-07-22T09:05:00+08:00
COLUMSF,Columboola,NEM,QLD1,-26.633781,150.298894,COLUMSF1,COLUMSF1,solar_utility,operating,217,162,,166.4727,,2045-12-31T14:00:00+10:00,2022-06-14T10:30:00+10:00,2026-08-01T16:20:00+10:00
CPSA,Condamine A,NEM,QLD1,-26.668181,150.270023,CPSA,CPSA,gas_ccgt,operating,143,144,,145.6875,,2038-12-31T14:00:00+10:00,2009-07-08T16:25:00+10:00,2026-07-27T21:55:00+10:00
CONDONG1,Condong,NEM,NSW1,-28.314766,153.433808,CONDONG1,CONDONG1,bioenergy_biomass,operating,30,30,,28.24,,2037-12-31T14:00:00+10:00,2023-08-01T00:05:00+10:00,2026-08-01T16:20:00+10:00
CBWF,Coonoer Bridge,NEM,VIC1,-36.415237,143.380189,CBWF1,CBWF1,wind,operating,19.8,20,,,,2035-12-31T14:00:00Z,,
COOPGWF,Coopers Gap,NEM,QLD1,-26.717004,151.449177,COOPGWF1,COOPGWF1,wind,operating,452,440,,442.28,,2043-12-31T14:00:00+10:00,2019-06-24T11:15:00+10:00,2026-08-01T16:20:00+10:00
COPTNHYD,Copeton,NEM,NSW1,-29.910174,150.92348,COPTNHYD,COPTNHYD,hydro,operating,22.5,23,,,,2035-12-31T14:00:00Z,,
CRWASF1,Corowa,NEM,NSW1,-35.979325,146.359356,CRWASF1,CRWASF1,solar_utility,operating,36,30,,34.6481,,2050-12-31T14:00:00+10:00,2021-02-14T12:55:00+10:00,2026-08-01T16:20:00+10:00
CROOKWEL,Crookwell,NEM,NSW1,-34.5165,149.54248,CROOKWEL,CROOKWEL,wind,operating,4.8,4.8,,,,2027-12-31T14:00:00Z,,
CROOKWF2,Crookwell 2,NEM,NSW1,-34.556855,149.609565,CROOKWF2,CROOKWF2,wind,operating,96.04,91,,95.3038,,2053-12-31T14:00:00+10:00,2018-08-14T08:50:00+10:00,2026-08-01T16:20:00+10:00
CROOKWF3,Crookwell 3,NEM,NSW1,-34.484645,149.54447,CROOKWF3,CROOKWF3,wind,operating,57,53,,56.1554,,2053-12-31T14:00:00+10:00,2024-05-22T14:00:00+10:00,2026-08-01T16:20:00+10:00
CROWLWF,Crowlands,NEM,VIC1,-36.97615,143.097998,CROWLWF1,CROWLWF1,wind,operating,79.95,79,,81.6251,,2048-12-31T14:00:00+10:00,2018-12-09T12:55:00+10:00,2026-08-01T16:20:00+10:00
CRURWF1,Crudine Ridge,NEM,NSW1,-32.864748,149.81297,CRURWF1,CRURWF1,wind,operating,141,138,,141.2962,,2040-12-31T14:00:00+10:00,2020-12-02T10:35:00+10:00,2026-08-01T16:20:00+10:00
CULCSF,Culcairn,NEM,NSW1,-35.709592,146.981761,CUSF1,CUSF1,solar_utility,operating,466,350,,354.8441,,2059-12-31T14:00:00+10:00,2025-08-01T11:20:00+10:00,2026-08-01T16:20:00+10:00
CULLERIN,Cullerin Range,NEM,NSW1,-34.809208,149.399185,CULLRGWF,CULLRGWF,wind,operating,30,30,,33.669,,2037-12-31T14:00:00+10:00,2009-07-01T00:05:00+10:00,2026-08-01T16:20:00+10:00
SBSOLAR1_CUNDERDIN_PV,Cunderdin,WEM,WEM,-31.656115,117.276303,SBSOLAR1_CUNDERDIN_PV1,SBSOLAR1_CUNDERDIN_PV1,solar_utility,operating,128,128,,100.0537,,2048-12-31T16:00:00+10:00,2024-08-19T16:15:00+10:00,2026-08-01T14:15:00+10:00
DALNTH,Dalrymple North,NEM,SA1,-34.933952,137.743532,DALNTH1,DALNTH1,battery,operating,30,30,12.2,30.0251,,2029-12-31T14:00:00+10:00,2024-08-08T04:15:00+10:00,2026-08-01T15:05:00+10:00
DDPS1,Darling Downs,NEM,QLD1,-27.116855,150.894761,DDPS1,DDPS1,gas_ccgt,operating,644,663,,665.166,,2049-12-31T14:00:00+08:00,2009-12-05T13:00:00+08:00,2026-07-30T23:40:00+08:00
DDSF,Darling Downs,NEM,QLD1,-27.113797,150.879733,DDSF1,DDSF1,solar_utility,operating,121,108,,111.358,,2044-12-31T14:00:00+10:00,2018-07-28T11:05:00+10:00,2026-08-01T16:20:00+10:00
DARLSF,Darlington Point,NEM,NSW1,-34.648971,146.061179,DARLSF1,DARLSF1,solar_utility,operating,324,275,,278.595,,2054-12-31T14:00:00+10:00,2020-09-03T10:50:00+10:00,2026-08-01T16:20:00+10:00
DPNTB,Darlington Point,NEM,NSW1,-34.647016,146.035236,DPNTB1,DPNTB1,battery,operating,25,25,50,25.2316,,2050-12-31T14:00:00+10:00,2024-08-08T04:10:00+10:00,2026-08-01T15:15:00+10:00
DARTM,Dartmouth,NEM,VIC1,-36.556485,147.520456,DARTM1,DARTM1,hydro,operating,185,185,,182.5,,2056-12-31T14:00:00+10:00,1998-12-07T07:25:00+10:00,2026-07-31T09:40:00+10:00
DAYDSF,Daydream,NEM,QLD1,-20.479752,147.763711,DAYDSF1,DAYDSF1,solar_utility,operating,167,150,,150.234,,2047-12-31T14:00:00+10:00,2018-10-24T17:10:00+10:00,2026-08-01T16:20:00+10:00
DCWL_DENMARK,Denmark,WEM,WEM,-35.036971,117.319012,DCWL_DENMARK_WF1,DCWL_DENMARK_WF1,wind,operating,1.44,1.44,,1.468,,2032-12-31T16:00:00+10:00,2013-12-17T08:00:00+10:00,2026-08-01T14:15:00+10:00
DEVILS_G,Devils Gate,NEM,TAS1,-41.350513,146.263394,DEVILS_G,DEVILS_G,hydro,operating,60,67,,66.2935,,2099-12-31T14:00:00+10:00,2005-05-16T13:35:00+10:00,2026-08-01T16:20:00+10:00
DIAPURWF,Diapur 2,NEM,VIC1,-36.339953,141.447361,DIAPURWF1,DIAPURWF1,wind,operating,8,7,,8.4,,2045-12-31T14:00:00+10:00,2021-11-25T16:25:00+10:00,2026-08-01T16:20:00+10:00
DRYCGT,Dry Creek,NEM,SA1,-34.847703,138.5816,DRYCGT2,DRYCGT2,gas_ocgt,operating,52,57,,52.69,,2029-12-31T14:00:00+10:00,1998-12-10T17:45:00+10:00,2026-07-01T15:45:00+10:00
DRYCGT,Dry Creek,NEM,SA1,-34.847703,138.5816,DRYCGT1,DRYCGT1,gas_ocgt,operating,52,57,,56.56,,2029-12-31T14:00:00+10:00,1998-12-08T08:15:00+10:00,2026-07-08T21:05:00+10:00
DRYCGT,Dry Creek,NEM,SA1,-34.847703,138.5816,DRYCGT3,DRYCGT3,gas_ocgt,operating,52,57,,57.15,,2029-12-31T14:00:00+10:00,1998-12-10T17:45:00+10:00,2026-06-22T09:05:00+10:00
DULAWF,Dulacca,NEM,QLD1,-26.631438,149.867554,DULAWF1,DULAWF1,wind,operating,180,173,,175,,2052-12-31T14:00:00+10:00,2023-04-13T11:40:00+10:00,2026-08-01T16:20:00+10:00
DUNDWF,Dundonnell,NEM,VIC1,-37.863894,142.943454,DUNDWF3,DUNDWF3,wind,operating,121,122,,121.59,,2044-12-31T14:00:00+10:00,2020-03-11T12:50:00+10:00,2026-08-01T16:20:00+10:00
DUNDWF,Dundonnell,NEM,VIC1,-37.863894,142.943454,DUNDWF2,DUNDWF2,wind,operating,46,46,,46.15,,2044-12-31T14:00:00+10:00,2020-03-11T16:45:00+10:00,2026-08-01T16:20:00+10:00
DUNDWF,Dundonnell,NEM,VIC1,-37.863894,142.943454,DUNDWF1,DUNDWF1,wind,operating,168,168,,167.989,,2044-12-31T14:00:00+10:00,2020-04-30T18:15:00+10:00,2026-08-01T16:20:00+10:00
EASTCRK,Eastern Creek,NEM,NSW1,-33.815468,150.854307,EASTCRK,EASTCRK,bioenergy_biogas,operating,5.06,5,,,,2025-12-31T14:00:00Z,,
EASTCRK2,Eastern Creek 2,NEM,NSW1,-33.815468,150.854307,EASTCRK2,EASTCRK2,bioenergy_biogas,operating,6.74,6.74,,,,2043-12-31T14:00:00Z,,
EDENVSF,Edenvale,NEM,QLD1,-26.931732,150.582727,EDENVSF1,EDENVSF1,solar_utility,operating,180,146,,149.4139,,2052-12-31T14:00:00+10:00,2023-02-18T12:55:00+10:00,2026-08-01T16:20:00+10:00
EILDON,Eildon,NEM,VIC1,-37.221982,145.921476,EILDON2,EILDON2,hydro,operating,60,60,,62.9,,2056-12-31T14:00:00+08:00,1998-12-07T06:40:00+08:00,2026-07-31T20:45:00+08:00
EILDON,Eildon,NEM,VIC1,-37.221982,145.921476,EILDON1,EILDON1,hydro,operating,60,60,,70.5,,2056-12-31T14:00:00+08:00,1998-12-07T06:40:00+08:00,2026-07-31T20:15:00+08:00
EILDONPD,Eildon,NEM,VIC1,-37.221774,145.922582,EILDON3,EILDON3,hydro,operating,4.5,5,,,,2054-12-31T14:00:00Z,,
ELAINEWF,Elaine,NEM,VIC1,-37.6352,144.0237,ELAINWF1,ELAINWF1,wind,operating,83.6,82,,83.6,,2048-12-31T14:00:00+10:00,2020-04-07T04:25:00+10:00,2026-08-01T16:20:00+10:00
EMERASF,Emerald,NEM,QLD1,-23.507996,148.126404,EMERASF1,EMERASF1,solar_utility,operating,88,72,,73.88,,2047-12-31T14:00:00+10:00,2018-09-20T13:20:00+10:00,2026-08-01T16:20:00+10:00
EDWFMAN,Emu Downs,WEM,WEM,-30.475647,115.379052,EDWFMAN_WF1,EDWFMAN_WF1,wind,operating,79.2,79.2,,83.892,,2025-12-31T16:00:00+10:00,2013-12-17T09:00:00+10:00,2026-08-01T14:15:00+10:00
ERARING,Eraring,NEM,NSW1,-33.061039,151.51984,ER01,ER01,coal_black,operating,720,750,,752.325,,2029-04-29T14:00:00+10:00,1998-12-07T02:50:00+10:00,2026-08-01T16:20:00+10:00
ERARING,Eraring,NEM,NSW1,-33.061039,151.51984,ER04,ER04,coal_black,operating,720,750,,750.7,,2029-04-29T14:00:00+10:00,1998-12-07T09:30:00+10:00,2026-08-01T16:20:00+10:00
ERARING,Eraring,NEM,NSW1,-33.061039,151.51984,ER03,ER03,coal_black,operating,720,750,,786.825,,2029-04-29T14:00:00+10:00,1998-12-07T02:50:00+10:00,2026-08-01T16:20:00+10:00
ERARING,Eraring,NEM,NSW1,-33.061039,151.51984,ER02,ER02,coal_black,operating,720,750,,751.975,,2029-04-29T14:00:00+10:00,1998-12-07T02:50:00+10:00,2026-08-01T16:20:00+10:00
ERB,Eraring,NEM,NSW1,-33.066837,151.515026,ERB01,ERB01,battery,operating,614.6,460,1997,461.323,,2044-12-31T14:00:00+10:00,2025-03-04T12:30:00+10:00,2026-08-01T13:25:00+10:00
ERGT01,Eraring,NEM,NSW1,-33.062117,151.517224,ERGT01,ERGT01,distillate,operating,41.5,56,,41.4435,,2031-12-31T14:00:00+10:00,2013-05-28T08:00:00+10:00,2026-06-25T21:05:00+10:00
FWF,Ferguson,NEM,VIC1,-38.610902,143.179321,FSWF1,FSWF1,wind,operating,8,7,,,,2050-12-31T14:00:00Z,,
FWF,Ferguson,NEM,VIC1,-38.610902,143.179321,FNWF1,FNWF1,wind,operating,4,3,,,,2050-12-31T14:00:00Z,,
FINLEYSF,Finley,NEM,NSW1,-35.648941,145.50575,FINLYSF1,FINLYSF1,solar_utility,operating,162.36,133,,135.3323,,2048-12-31T14:00:00+10:00,2019-08-02T09:00:00+10:00,2026-08-01T16:20:00+10:00
FISHER,Fisher,NEM,TAS1,-41.673312,146.268511,FISHER,FISHER,hydro,operating,43.2,46,,47.95,,2099-12-31T14:00:00+10:00,2005-05-16T20:45:00+10:00,2026-08-01T16:20:00+10:00
FLATROCKS,Flat Rocks,WEM,WEM,-33.992789,117.354335,FLATROCKS_WF1,FLATROCKS_WF1,wind,operating,75.6,75.6,,73.4177,,2052-12-31T16:00:00+10:00,2023-11-26T12:05:00+10:00,2026-08-01T14:15:00+10:00
FLYCRKWF,Flyers Creek,NEM,NSW1,-33.517716,149.052949,FLYCRKWF,FLYCRKWF,wind,operating,145,140,,141.9,,2062-12-31T14:00:00+08:00,2023-09-20T11:00:00+08:00,2026-08-01T16:20:00+08:00
GANGARR,Gangarri,NEM,QLD1,-26.270557,149.758054,GANGARR1,GANGARR1,solar_utility,operating,162,120,,122.144,,2050-12-31T14:00:00+10:00,2021-09-21T11:50:00+10:00,2026-08-01T16:20:00+10:00
GANNBESS,Gannawarra,NEM,VIC1,-35.734598,143.779894,GANNB1,GANNB1,battery,operating,30,30,49.85,25.5143,,2032-12-31T14:00:00+10:00,2024-08-08T05:00:00+10:00,2026-08-01T16:20:00+10:00
GANNSF,Gannawarra,NEM,VIC1,-35.729012,143.783189,GANNSF1,GANNSF1,solar_utility,operating,55,50,,51.1,,2047-12-31T14:00:00+10:00,2018-04-06T12:20:00+10:00,2026-08-01T16:20:00+10:00
TESLA_GERALDTON,Geraldton,WEM,WEM,-28.790815,114.691831,TESLA_GERALDTON_G1,TESLA_GERALDTON_G1,distillate,operating,10,10,,10.68,,2047-07-31T16:00:00+10:00,2013-12-19T08:30:00+10:00,2026-08-01T07:55:00+10:00
GERMCRK,German Creek,NEM,QLD1,-22.928526,148.549097,GERMCRK,GERMCRK,gas_wcmg,operating,45,45,,45.1,,2035-12-31T14:00:00+10:00,2013-07-18T10:20:00+10:00,2026-08-01T16:20:00+10:00
GIRGSF,Girgarre,NEM,VIC1,-36.426125,144.922155,GIRGSF,GIRGSF,solar_utility,operating,93.31,76,,77.71,,2053-12-31T14:00:00+10:00,2024-07-20T10:30:00+10:00,2026-08-01T16:20:00+10:00
GSTONE,Gladstone,NEM,QLD1,-23.853641,151.217515,GSTONE3,GSTONE3,coal_black,operating,280,285,,296.1,,2029-03-30T14:00:00+10:00,1998-12-07T02:50:00+10:00,2026-08-01T16:20:00+10:00
GSTONE,Gladstone,NEM,QLD1,-23.853641,151.217515,GSTONE6,GSTONE6,coal_black,operating,280,285,,287.875,,2029-03-30T14:00:00+10:00,1998-12-07T02:50:00+10:00,2026-08-01T16:20:00+10:00
GSTONE,Gladstone,NEM,QLD1,-23.853641,151.217515,GSTONE4,GSTONE4,coal_black,operating,280,285,,290.5,,2029-03-30T14:00:00+10:00,1998-12-07T02:50:00+10:00,2026-08-01T16:20:00+10:00
GSTONE,Gladstone,NEM,QLD1,-23.853641,151.217515,GSTONE1,GSTONE1,coal_black,operating,280,285,,291.38,,2029-03-30T14:00:00+10:00,1998-12-07T02:50:00+10:00,2026-08-01T16:20:00+10:00
GSTONE,Gladstone,NEM,QLD1,-23.853641,151.217515,GSTONE2,GSTONE2,coal_black,operating,280,285,,350,,2029-03-30T14:00:00+10:00,1998-12-07T02:50:00+10:00,2026-07-31T22:45:00+10:00
GSTONE,Gladstone,NEM,QLD1,-23.853641,151.217515,GSTONE5,GSTONE5,coal_black,operating,280,285,,302.05,,2029-03-30T14:00:00+10:00,1998-12-07T02:50:00+10:00,2026-06-11T19:00:00+10:00
GLBWNHYD,Glenbawn,NEM,NSW1,-32.107937,150.999481,GLBWNHYD,GLBWNHYD,hydro,operating,5.5,6,,,,,,
GESF,Glenellen,NEM,NSW1,-35.929882,146.909107,GESF1,GESF1,solar_utility,commissioning,264,200,,170.1147,,2054-12-31T14:00:00+10:00,2025-11-24T06:50:00+10:00,2026-08-01T16:20:00+10:00
GLENMAGG,Glenmaggie,NEM,VIC1,-37.904836,146.800388,GLENMAG1,GLENMAG1,hydro,operating,3.8,4,,,,2054-12-31T14:00:00Z,,
GLENNCRK,Glennies Creek,NEM,NSW1,-32.459876,151.128697,GLENNCRK,GLENNCRK,gas_wcmg,operating,12.78,12,,,,2026-12-31T14:00:00Z,,
GLENSF,Glenrowan,NEM,VIC1,-36.464,146.221,GLENSF1,GLENSF1,solar_utility,operating,126,102,,106.51,,2052-12-31T14:00:00+10:00,2023-11-21T09:25:00+10:00,2026-08-01T16:20:00+10:00
GLRWNSF,Glenrowan West,NEM,VIC1,-36.4907,146.157473,GLRWNSF1,GLRWNSF1,solar_utility,operating,132,110,,111.72,,2050-12-31T14:00:00+10:00,2020-12-22T06:25:00+10:00,2026-08-01T16:20:00+10:00
GPWFEST,Golden Plains East,NEM,VIC1,-37.9729,143.783,GPWFEST1,GPWFEST1,wind,operating,248,240,,240.85,,2054-12-31T14:00:00+10:00,2024-09-18T14:00:00+10:00,2026-08-01T16:20:00+10:00
GPWFEST,Golden Plains East,NEM,VIC1,-37.9729,143.783,GPWFEST2,GPWFEST2,wind,operating,260.4,253,,253.74,,2054-12-31T14:00:00+10:00,2024-08-21T11:45:00+10:00,2026-08-01T16:20:00+10:00
GPWFEST,Golden Plains East,NEM,VIC1,-37.9729,143.783,GPWFEST3,GPWFEST3,wind,operating,248,240,,240.86,,2054-12-31T14:00:00+10:00,2025-05-30T10:00:00+10:00,2026-08-01T16:20:00+10:00
GPWFWST,Golden Plains West,NEM,VIC1,-37.90844,143.664887,GPWFWST1,GPWFWST1,wind,operating,266,258,,246.46,,2056-12-31T14:00:00+10:00,2026-01-28T14:50:00+10:00,2026-08-01T16:20:00+10:00
GOONUMSF,Goonumbla,NEM,NSW1,-33.109212,148.092982,GOONSF1,GOONSF1,solar_utility,operating,85,69,,72.1875,,2049-12-31T14:00:00+10:00,2020-05-12T13:00:00+10:00,2026-08-01T16:20:00+10:00
GOESF1,Goorambat East,NEM,VIC1,-36.427352,145.918853,GOESF1,GOESF1,solar_utility,operating,348.6,250,,255.55,,2060-12-31T14:00:00+10:00,2025-11-05T11:25:00+10:00,2026-08-01T16:20:00+10:00
GORDON,Gordon,NEM,TAS1,-42.740519,145.982796,GORDON,GORDON,hydro,operating,432,450,,442.045,,2099-12-31T14:00:00+10:00,2005-05-16T13:35:00+10:00,2026-08-01T16:20:00+10:00
GORDON,Gordon,NEM,TAS1,-42.740519,145.982796,GOVILLB1,GOVILLB1,hydro,operating,25,,,,,2099-12-31T14:00:00Z,,
GSWF,Goyder South,NEM,SA1,-33.682196,138.936249,GSWF1A,GSWF1A,wind,operating,209,201,,204.09,,2047-12-31T14:00:00+10:00,2024-04-04T14:50:00+10:00,2026-08-01T16:20:00+10:00
GSWF,Goyder South,NEM,SA1,-33.682196,138.936249,GSWF1B1,GSWF1B1,wind,operating,203,196,,199.3,,2048-12-31T14:00:00+10:00,2024-11-13T09:25:00+10:00,2026-08-01T16:20:00+10:00
GRANGEAV,Grange Avenue,NEM,NSW1,-33.713011,150.83316,GRANGEAV,GRANGEAV,bioenergy_biogas,operating,2,2,,,,2024-12-31T14:00:00Z,,
GRANWF,Granville Harbour,NEM,TAS1,-41.778439,145.065517,GRANWF1,GRANWF1,wind,operating,110,111,,111.67,,2054-12-31T14:00:00+10:00,2020-01-28T11:40:00+10:00,2026-08-01T16:20:00+10:00
GRASMERE,Grasmere,WEM,WEM,-35.065835,117.797506,GRASMERE_WF1,GRASMERE_WF1,wind,operating,13.8,13.8,,14,,2040-12-31T16:00:00+10:00,2013-12-18T08:00:00+10:00,2026-08-01T14:15:00+10:00
GREENB,Greenbank,NEM,QLD1,-27.733562,152.955042,GREENB1,GREENB1,battery,operating,259.2,200,400,200.8931,,2039-12-31T14:00:00+08:00,2025-02-13T15:10:00+08:00,2026-08-01T16:20:00+08:00
GREENOUGH_RIVER,Greenough River,WEM,WEM,-28.90381,115.10937,GREENOUGH_RIVER_PV1,GREENOUGH_RIVER_PV1,solar_utility,operating,40,40,,41,,2036-12-31T16:00:00+10:00,2013-12-17T08:00:00+10:00,2026-08-01T14:15:00+10:00
GRIFSF,Griffith,NEM,NSW1,-34.317617,146.121416,GRIFSF1,GRIFSF1,solar_utility,operating,27.2,27,,29.1,,2041-12-31T14:00:00+08:00,2018-04-20T15:35:00+08:00,2026-08-01T16:20:00+08:00
GROSV1,Grosvenor 1,NEM,QLD1,-21.929194,148.032416,GROSV1,GROSV1,gas_wcmg,operating,21,21,,,,2037-12-31T14:00:00Z,,
GROSV2,Grosvenor 2,NEM,QLD1,-21.929194,148.032416,GROSV2,GROSV2,gas_wcmg,operating,15.21,15,,,,2037-12-31T14:00:00Z,,
GULLRGWF,Gullen Range,NEM,NSW1,-34.615245,149.45808,GULLRSF1,GULLRSF1,solar_utility,operating,10,10,,10,,2049-12-31T14:00:00+10:00,2017-08-22T10:15:00+10:00,2026-08-01T16:20:00+10:00
GULLRGWF,Gullen Range,NEM,NSW1,-34.615245,149.45808,GULLRWF1,GULLRWF1,wind,operating,165,161,,165.5,,2049-12-31T14:00:00+10:00,2013-12-10T17:05:00+10:00,2026-08-01T16:20:00+10:00
GNNDHSF,Gunnedah,NEM,NSW1,-30.937263,150.344174,GNNDHSF1,GNNDHSF1,solar_utility,operating,144,110,,110.1272,,2055-12-31T14:00:00+10:00,2021-06-29T10:55:00+10:00,2026-08-01T16:20:00+10:00
GUNNING,Gunning,NEM,NSW1,-34.691531,149.373013,GUNNING1,GUNNING1,wind,operating,46.5,47,,50,,2035-12-31T14:00:00+10:00,2011-04-05T10:55:00+10:00,2026-08-01T16:20:00+10:00
GUSF,Gunsynd,NEM,QLD1,-28.408388,150.343437,GUSF1,GUSF1,solar_utility,operating,122.78,94,,93.9883,,2060-12-31T14:00:00+10:00,2025-11-20T07:40:00+10:00,2026-08-01T16:20:00+10:00
SNOWY3,Guthega,NEM,NSW1,-36.350097,148.413602,GUTHEGA,GUTHEGA,hydro,operating,60,80,,77.9,,2069-12-31T14:00:00+10:00,2001-07-16T07:40:00+10:00,2026-08-01T01:10:00+10:00
HLMSEW01,Hallam,NEM,VIC1,-38.143332,145.119964,HLMSEW01,HLMSEW01,hydro,operating,0.25,1,,,,,,
HALAMRD,Hallam Road,NEM,VIC1,-38.052181,145.267798,HALAMRD1,HALAMRD1,bioenergy_biogas,operating,8.98,9,,,,2059-12-31T14:00:00Z,,
AGLHAL,Hallett,NEM,SA1,-33.349528,138.751607,AGLHAL,AGLHAL,gas_ocgt,operating,217,255,,218.4439,,2049-12-31T14:00:00+10:00,2002-01-03T15:55:00+10:00,2026-08-01T00:05:00+10:00
HALLWF,Hallett 1,NEM,SA1,-33.328434,138.704669,HALLWF1,HALLWF1,wind,operating,95,95,,93.27,,2042-12-31T14:00:00+10:00,2007-12-19T05:50:00+10:00,2026-08-01T14:05:00+10:00
HALLWF2,Hallett 2,NEM,SA1,-33.53821,138.857215,HALLWF2,HALLWF2,wind,operating,71.4,71,,81.36,,2034-12-31T14:00:00+10:00,2009-05-12T14:55:00+10:00,2026-08-01T14:20:00+10:00
HAMISF,Hamilton,NEM,QLD1,-20.496081,147.738803,HAMISF1,HAMISF1,solar_utility,operating,57.5,56,,56.7,,2047-12-31T14:00:00+10:00,2018-07-10T12:40:00+10:00,2026-08-01T16:20:00+10:00
HAMPTON,Hampton,NEM,NSW1,-33.649722,150.05,HAMPTON,HAMPTON,wind,operating,1.32,1.32,,,,,,
HVWW,Happy Valley,NEM,SA1,-35.063118,138.56476,HVWWBA1,HVWWBA1,battery,operating,5,4,8.8,4.538,,2040-12-31T14:00:00+10:00,2024-09-18T19:15:00+10:00,2026-08-01T16:20:00+10:00
HVWW,Happy Valley,NEM,SA1,-35.063118,138.56476,HVWWPV1,HVWWPV1,solar_utility,operating,11,8,,8.608,,2040-12-31T14:00:00+10:00,2022-06-15T15:55:00+10:00,2026-08-01T16:20:00+10:00
HASTING,Hastings,NEM,VIC1,-38.295952,145.221926,HASTINGS1,HASTINGS1,gas_ocgt,operating,14.82,14.33,,,,2033-12-31T14:00:00Z,,
HASTING,Hastings,NEM,VIC1,-38.295952,145.221926,HASTINGS2,HASTINGS2,gas_ocgt,operating,14.82,14.33,,,,2033-12-31T14:00:00Z,,
HASTING,Hastings,NEM,VIC1,-38.295952,145.221926,HASTINGS3,HASTINGS3,gas_ocgt,operating,14.82,14.33,,,,2033-12-31T14:00:00Z,,
HAUGHT1,Haughton,NEM,QLD1,-19.750134,147.048103,HAUGHT11,HAUGHT11,solar_utility,operating,132,100,,101.0811,,2048-12-31T14:00:00+10:00,2019-05-28T09:35:00+10:00,2026-08-01T16:20:00+10:00
HD1WF,Hawkesdale,NEM,VIC1,-38.148008,142.360925,HD1WF1,HD1WF1,wind,operating,94.6,89,,89.88,,2053-12-31T14:00:00+10:00,2024-06-17T08:55:00+10:00,2026-08-01T16:20:00+10:00
HAYMSF,Hayman,NEM,QLD1,-20.510097,147.755711,HAYMSF1,HAYMSF1,solar_utility,operating,57.75,50,,50.213,,2047-12-31T14:00:00+10:00,2019-01-12T09:15:00+10:00,2026-08-01T16:20:00+10:00
HBESS,Hazelwood BESS,NEM,VIC1,-38.267845,146.390293,HBESS1,HBESS1,battery,operating,200,150,150,153.4,,2042-12-31T14:00:00+10:00,2024-08-27T11:15:00+10:00,2026-08-01T12:45:00+10:00
HENDERSON_RENEWABLE,Henderson,WEM,WEM,-32.164003,115.790695,HENDERSON_RENEWABLE_IG1,HENDERSON_RENEWABLE_IG1,bioenergy_biogas,operating,3,3,,4.28,,,2013-12-17T08:00:00+10:00,2026-08-01T14:15:00+10:00
HEPWIND,Hepburn,NEM,VIC1,-37.424555,144.115711,HEPWIND1,HEPWIND1,wind,operating,4.1,4,,,,2036-05-31T14:00:00Z,,
HILLSTN,Hillston Sun,NEM,NSW1,-33.531624,145.52242,HILLSTN1,HILLSTN1,solar_utility,operating,110,85,,91.2712,,2045-12-31T14:00:00+10:00,2021-10-05T12:10:00+10:00,2026-08-01T16:20:00+10:00
HORNSDAL,Hornsdale,NEM,SA1,-33.05982,138.537673,HDWF1,HDWF1,wind,operating,102.4,102,,103.9,,2055-12-31T14:00:00+10:00,2016-06-23T16:55:00+10:00,2026-08-01T16:20:00+10:00
HORNSDAL2,Hornsdale 2,NEM,SA1,-33.05982,138.537673,HDWF2,HDWF2,wind,operating,102.4,102,,103.8,,2056-12-31T14:00:00+10:00,2017-02-21T14:35:00+10:00,2026-08-01T16:05:00+10:00
HORNSDAL3,Hornsdale 3,NEM,SA1,-33.05982,138.537673,HDWF3,HDWF3,wind,operating,112,109,,110.7,,2056-12-31T14:00:00+10:00,2017-08-18T07:45:00+10:00,2026-08-01T15:55:00+10:00
HORNSDPR,Hornsdale Power Reserve,NEM,SA1,-33.086389,138.518659,HPR1,HPR1,battery,operating,150,150,194,98,,2056-12-31T14:00:00+10:00,2024-09-24T11:05:00+10:00,2026-08-01T16:20:00+10:00
HUGSF,Hughenden,NEM,QLD1,-20.85484,144.186257,HUGSF1,HUGSF1,solar_utility,operating,20.97,18,,19.427,,2047-12-31T14:00:00+10:00,2018-01-25T00:05:00+10:00,2026-08-01T16:20:00+10:00
HUMENSW,Hume,NEM,NSW1,-36.106639,147.032526,HUMENSW,HUMENSW,hydro,operating,29,70,,99.9999,,2056-12-31T14:00:00+10:00,1998-12-09T05:25:00+10:00,2026-06-04T14:20:00+10:00
HUMEV,Hume,NEM,VIC1,-36.106887,147.032572,HUMEV,HUMEV,hydro,operating,29,70,,60,,2056-12-31T14:00:00+10:00,1998-12-09T05:25:00+10:00,2026-06-04T09:05:00+10:00
HUNTER,Hunter,NEM,NSW1,-32.793406,151.478353,HUNTER1,HUNTER1,gas_ocgt,operating,375,375,,380.7518,,2063-12-31T14:00:00+10:00,2025-07-27T19:40:00+10:00,2026-07-28T01:15:00+10:00
HUNTER,Hunter,NEM,NSW1,-32.793406,151.478353,HUNTER2,HUNTER2,gas_ocgt,operating,375,375,,381.0608,,2063-12-31T14:00:00+10:00,2025-12-18T00:25:00+10:00,2026-07-06T20:45:00+10:00
HEZ,Hunter Economic Zone,NEM,NSW1,-32.835481,151.451033,HEZ1,HEZ1,distillate,operating,28,28,,28.7,,2035-12-31T14:00:00+10:00,2022-04-28T11:50:00+10:00,2026-07-02T07:35:00+10:00
INVICTA,Invicta Sugar Mill,NEM,QLD1,-19.520476,147.107439,INVICTA,INVICTA,bioenergy_biomass,operating,50.3,51,,49.85,,2039-12-31T14:00:00+08:00,2009-07-01T00:05:00+08:00,2018-06-14T00:00:00+08:00
ICSM,Isis Central Sugar Mill,NEM,QLD1,-25.197619,152.206949,ICSM,ICSM,bioenergy_biomass,operating,25,25,,,,2043-12-31T14:00:00Z,,
JACKSGUL,Jacks Gully,NEM,NSW1,-34.072955,150.743691,JACKSGUL,JACKSGUL,bioenergy_biogas,operating,2.3,2,,,,2024-12-31T14:00:00Z,,
JEERA,Jeeralang A,NEM,VIC1,-38.275046,146.425572,JLA04,JLA04,gas_ocgt,operating,51,65,,64.3995,,2038-12-31T14:00:00+10:00,1998-12-09T10:30:00+10:00,2026-07-31T19:10:00+10:00
JEERA,Jeeralang A,NEM,VIC1,-38.275046,146.425572,JLA03,JLA03,gas_ocgt,operating,51,65,,63.76,,2038-12-31T14:00:00+10:00,1998-12-10T12:25:00+10:00,2026-07-09T09:25:00+10:00
JEERA,Jeeralang A,NEM,VIC1,-38.275046,146.425572,JLA01,JLA01,gas_ocgt,operating,51,65,,63.88,,2038-12-31T14:00:00+10:00,1998-12-09T16:10:00+10:00,2026-07-09T09:25:00+10:00
JEERA,Jeeralang A,NEM,VIC1,-38.275046,146.425572,JLA02,JLA02,gas_ocgt,operating,51,65,,64.2,,2038-12-31T14:00:00+10:00,1998-12-09T13:35:00+10:00,2026-06-22T19:35:00+10:00
JEERB,Jeeralang B,NEM,VIC1,-38.273845,146.424827,JLB01,JLB01,gas_ocgt,operating,76,100,,97.01,,2038-12-31T14:00:00+10:00,1998-12-09T16:10:00+10:00,2026-08-01T16:20:00+10:00
JEERB,Jeeralang B,NEM,VIC1,-38.273845,146.424827,JLB02,JLB02,gas_ocgt,operating,76,100,,99.1,,2038-12-31T14:00:00+10:00,1998-12-10T12:25:00+10:00,2026-07-17T08:35:00+10:00
JEERB,Jeeralang B,NEM,VIC1,-38.273845,146.424827,JLB03,JLB03,gas_ocgt,operating,76,100,,96.24,,2038-12-31T14:00:00+10:00,1998-12-11T10:30:00+10:00,2026-07-31T08:40:00+10:00
JEMALNG1,Jemalong,NEM,NSW1,-33.409099,147.655008,JEMALNG1,JEMALNG1,solar_utility,operating,55,50,,51.31,,2049-12-31T14:00:00+10:00,2021-02-02T13:40:00+10:00,2026-08-01T16:20:00+10:00
JNDSHPS,Jindabyne,NEM,NSW1,-36.434918,148.63057,JNDABNE1,JNDABNE1,hydro,operating,1.1,1,,,,2069-12-31T14:00:00Z,,
SNWYGJP2,Jindabyne Pump At Guthega,NEM,NSW1,-36.434918,148.63057,SNOWYGJP,SNOWYGJP,pumps,operating,70,70,,,,,2019-11-10T14:25:00+10:00,2023-03-16T16:55:00+10:00
JBUTTERS,John Butters,NEM,TAS1,-42.154894,145.534508,JBUTTERS,JBUTTERS,hydro,operating,144,144,,151.27,,2099-12-31T14:00:00+10:00,2005-05-17T16:15:00+10:00,2026-08-01T16:20:00+10:00
JOUNAMA,Jounama,NEM,NSW1,-35.562015,148.305493,JOUNAMA1,JOUNAMA1,hydro,operating,14,14,,,,2069-12-31T14:00:00Z,,
JUNEESF,Junee,NEM,NSW1,-34.814929,147.572334,JUNEESF1,JUNEESF1,solar_utility,operating,36,30,,30.2766,,2049-12-31T14:00:00+10:00,2021-05-25T12:40:00+10:00,2026-08-01T16:20:00+10:00
KABANWF,Kaban,NEM,QLD1,-17.560606,145.413125,KABANWF1,KABANWF1,wind,operating,156,152,,155.949,,2047-12-31T14:00:00+10:00,2022-09-26T00:05:00+10:00,2026-08-01T16:20:00+10:00
KALBARRI,Kalbarri,WEM,WEM,-27.898303,114.192354,KALBARRI_WF1,KALBARRI_WF1,wind,operating,1.6,1.6,,2.673,,2037-12-31T16:00:00+10:00,2013-12-18T08:00:00+10:00,2026-08-01T14:15:00+10:00
STHRNCRS,Kambalda,WEM,WEM,-31.191281,121.673741,STHRNCRS_EG,STHRNCRS_EG,gas_ocgt,operating,23,23,,28.355,,2043-06-30T16:00:00+10:00,2014-02-26T12:00:00+10:00,2026-08-01T14:15:00+10:00
KARSF,Karadoc,NEM,VIC1,-34.411851,142.250443,KARSF1,KARSF1,solar_utility,operating,104,90,,114,,2047-12-31T14:00:00+10:00,2018-10-24T07:10:00+10:00,2026-08-01T16:20:00+10:00
BLAIRFOX_KARAKIN,Karakin,WEM,WEM,-30.942242,115.366613,BLAIRFOX_KARAKIN_WF1,BLAIRFOX_KARAKIN_WF1,wind,operating,5,5,,4.776,,2028-12-31T16:00:00+08:00,2013-12-17T09:00:00+08:00,2026-08-01T14:15:00+08:00
KAREEYA,Kareeya,NEM,QLD1,-17.767013,145.577993,KAREEYA3,KAREEYA3,hydro,operating,21,22,,35.49,,2056-12-31T14:00:00+08:00,1998-12-07T02:50:00+08:00,2026-08-01T16:20:00+08:00
KAREEYA,Kareeya,NEM,QLD1,-17.767013,145.577993,KAREEYA1,KAREEYA1,hydro,operating,21,22,,24.22,,2056-12-31T14:00:00+08:00,1998-12-07T02:50:00+08:00,2026-08-01T16:20:00+08:00
KAREEYA,Kareeya,NEM,QLD1,-17.767013,145.577993,KAREEYA4,KAREEYA4,hydro,operating,21,22,,27.07,,2056-12-31T14:00:00+08:00,1998-12-07T02:50:00+08:00,2026-08-01T16:20:00+08:00
KAREEYA,Kareeya,NEM,QLD1,-17.767013,145.577993,KAREEYA2,KAREEYA2,hydro,operating,21,22,,24.26,,2056-12-31T14:00:00+08:00,1998-12-07T05:05:00+08:00,2026-07-21T07:10:00+08:00
KAREEYA,Kareeya,NEM,QLD1,-17.767013,145.577993,KAREEYA5,KAREEYA5,hydro,operating,7,7,,,,2056-12-31T14:00:00Z,,
KEEPIT,Keepit,NEM,NSW1,-30.87868,150.491876,KEEPIT,KEEPIT,hydro,operating,6,8,,,,2049-12-31T14:00:00Z,,
KEMERTON,Kemerton,WEM,WEM,-33.163352,115.780966,KEMERTON_GT12,KEMERTON_GT12,gas_ocgt,operating,154.7,154.7,,171.8,,2044-12-31T16:00:00+10:00,2014-01-10T14:30:00+10:00,2026-07-30T21:55:00+10:00
KEMERTON,Kemerton,WEM,WEM,-33.163352,115.780966,KEMERTON_GT11,KEMERTON_GT11,gas_ocgt,operating,154.7,154.7,,180,,2044-12-31T16:00:00+10:00,2014-01-06T15:00:00+10:00,2026-07-27T11:40:00+10:00
TESLA_KEMERTON,Kemerton,WEM,WEM,-33.211662,115.76057,TESLA_KEMERTON_G1,TESLA_KEMERTON_G1,distillate,operating,10,10,,10.48,,2047-08-31T16:00:00+08:00,2014-01-22T12:30:00+08:00,2026-08-01T07:55:00+08:00
KENNEDY,Kennedy Energy Park,NEM,QLD1,-20.872792,144.413034,KEPSF1,KEPSF1,solar_utility,operating,16,15,,14.97,,2045-12-31T14:00:00+08:00,2021-07-06T10:05:00+08:00,2026-08-01T16:20:00+08:00
KENNEDY,Kennedy Energy Park,NEM,QLD1,-20.872792,144.413034,KEPBG1,KEPBG1,battery_discharging,operating,2,2,4,2.16,,2045-12-31T14:00:00+08:00,2021-07-09T17:10:00+08:00,2026-07-31T18:55:00+08:00
KENNEDY,Kennedy Energy Park,NEM,QLD1,-20.872792,144.413034,KEPWF1,KEPWF1,wind,operating,43.2,43,,42.7,,2045-12-31T14:00:00+08:00,2021-07-06T13:20:00+08:00,2026-08-01T16:20:00+08:00
KENNEDY,Kennedy Energy Park,NEM,QLD1,-20.872792,144.413034,KEPBL1,KEPBL1,battery_charging,operating,2,2,4,2.1,,2045-12-31T14:00:00+08:00,2024-06-06T10:50:00+08:00,2026-08-01T00:50:00+08:00
KERNGSP,Kerang,NEM,VIC1,-35.779895,143.941051,KERNGSP1,KERNGSP1,solar_utility,operating,37,30,,31.1,,2049-12-31T14:00:00+10:00,2025-02-28T16:35:00+10:00,2026-08-01T16:20:00+10:00
KIAMSF1,Kiamal,NEM,VIC1,-35.021508,142.297971,KIAMSF1,KIAMSF1,solar_utility,operating,239,200,,200.8431,,2048-12-31T14:00:00+10:00,2020-09-08T12:10:00+10:00,2026-08-01T16:20:00+10:00
KIATAWF,Kiata,NEM,VIC1,-36.397288,141.747394,KIATAWF1,KIATAWF1,wind,operating,31,31,,31.8,,2041-12-31T14:00:00+10:00,2017-11-10T08:35:00+10:00,2026-08-01T16:20:00+10:00
KSP1,Kidston,NEM,QLD1,-18.889381,144.14246,KSP1,KSP1,solar_utility,operating,50,47.7,,47.9,,2036-12-31T14:00:00+10:00,2017-11-30T13:45:00+10:00,2026-08-01T16:20:00+10:00
KINGASF,Kingaroy,NEM,QLD1,-26.537087,151.890398,KINGASF1,KINGASF1,solar_utility,operating,47,40,,44.8,,2053-12-31T14:00:00+10:00,2024-09-04T09:40:00+10:00,2026-08-01T16:20:00+10:00
KOGANCK,Kogan Creek,NEM,QLD1,-26.915285,150.748948,KPP_1,KPP_1,coal_black,operating,744,781,,815.75,,2041-12-31T14:00:00+10:00,2007-05-12T17:30:00+10:00,2026-07-17T19:30:00+10:00
KESS1,Koorangie,NEM,VIC1,-35.735367,143.754813,KESSB1,KESSB1,battery,operating,185,185,370,185.7,,2054-12-31T14:00:00+10:00,2025-02-14T14:25:00+10:00,2026-08-01T16:15:00+10:00
KWINANA,Kwinana,WEM,WEM,-32.198281,115.77559,KWINANA_GT2,KWINANA_GT2,gas_ocgt,operating,103.2,103.2,,110.3633,,2039-12-31T16:00:00+10:00,2013-12-18T08:00:00+10:00,2026-08-01T14:15:00+10:00
KWINANA,Kwinana,WEM,WEM,-32.198281,115.77559,KWINANA_GT3,KWINANA_GT3,gas_ocgt,operating,103.2,103.2,,112.8,,2039-12-31T16:00:00+10:00,2013-12-18T08:00:00+10:00,2026-06-01T14:45:00+10:00
KWINANA_ESR,Kwinana Battery,WEM,WEM,-32.19855,115.778521,KWINANA_ESR1,KWINANA_ESR1,battery,operating,100,100,226.6,100.5567,,2052-12-31T16:00:00+08:00,2025-09-02T08:05:00+08:00,2026-08-01T08:15:00+08:00
KWINANA_ESR2,Kwinana Battery 2,WEM,WEM,-32.202465,115.778452,KWINANA_ESR2,KWINANA_ESR2,battery,operating,225,225,900,225.9467,,,2025-09-02T08:00:00+08:00,2026-08-01T09:00:00+08:00
TIWEST_COG1,Kwinana Cogen,WEM,WEM,-32.22762,115.773435,TIWEST_COG1,TIWEST_COG1,gas_ocgt,operating,42.1,42.1,,45.604,,2049-11-30T16:00:00+10:00,2013-12-17T08:00:00+10:00,2026-08-01T14:15:00+10:00
PERTHENERGY_KWINANA,Kwinana Swift,WEM,WEM,-32.224368,115.778586,PERTHENERGY_KWINANA_GT1,PERTHENERGY_KWINANA_GT1,gas_ocgt,operating,116,116,,120.6,,2049-11-30T16:00:00+10:00,2013-12-20T08:00:00+10:00,2026-07-31T09:05:00+10:00
LADBROKE,Ladbroke Grove,NEM,SA1,-37.456341,140.782163,LADBROK2,LADBROK2,gas_ocgt,operating,40,50,,200.11,,2039-12-31T14:00:00+08:00,2000-05-04T13:50:00+08:00,2026-08-01T16:20:00+08:00
LADBROKE,Ladbroke Grove,NEM,SA1,-37.456341,140.782163,LADBROK1,LADBROK1,gas_ocgt,operating,40,50,,49.84,,2039-12-31T14:00:00+08:00,2000-01-10T14:10:00+08:00,2026-08-01T16:20:00+08:00
LBBESS,Lake Bonney,NEM,SA1,-37.738979,140.38681,LBB1,LBB1,battery,operating,25,25,52,25,,2033-12-31T14:00:00+10:00,2024-10-08T11:10:00+10:00,2026-08-01T11:10:00+10:00
LKBONNY1,Lake Bonney,NEM,SA1,-37.760504,140.405541,LKBONNY1,LKBONNY1,wind,operating,80.5,81,,81.1822,,2034-12-31T14:00:00+10:00,2009-07-01T00:05:00+10:00,2026-08-01T16:20:00+10:00
LKBONNY_2,Lake Bonney 2,NEM,SA1,-37.760504,140.405541,LKBONNY2,LKBONNY2,wind,operating,159,159,,169.2214,,2037-12-31T14:00:00+10:00,2007-05-31T17:00:00+10:00,2026-08-01T16:20:00+10:00
LKBONNY3,Lake Bonney 3,NEM,SA1,-37.760504,140.405541,LKBONNY3,LKBONNY3,wind,operating,39,39,,39.1312,,2039-12-31T14:00:00+10:00,2010-07-02T15:55:00+10:00,2026-08-01T16:20:00+10:00
LK_ECHO,Lake Echo,NEM,TAS1,-42.253643,146.620627,LK_ECHO,LK_ECHO,hydro,operating,32.4,34,,34.6384,,2099-12-31T14:00:00+10:00,2005-05-16T13:35:00+10:00,2026-07-31T17:05:00+10:00
LANCSF,Lancaster,NEM,VIC1,-36.290467,145.141535,LANCSF1,LANCSF1,solar_utility,commissioning,106,,,80,,2055-12-31T14:00:00+10:00,2026-03-19T14:00:00+10:00,2026-08-01T16:20:00+10:00
LVES,Latrobe Valley,NEM,VIC1,-38.258183,146.418614,LVES1,LVES1,battery,operating,140,100,200,100.87,,2044-12-31T14:00:00+10:00,2025-04-08T09:20:00+10:00,2026-08-01T16:20:00+10:00
LNGS,Laverton North,NEM,VIC1,-37.841703,144.788796,LNGS2,LNGS2,gas_ocgt,operating,156,172,,174.1949,,2069-12-31T14:00:00+10:00,2015-07-01T00:05:00+10:00,2026-07-31T10:30:00+10:00
LNGS,Laverton North,NEM,VIC1,-37.841703,144.788796,LNGS1,LNGS1,gas_ocgt,operating,156,172,,173.701,,2069-12-31T14:00:00+10:00,2015-07-01T00:10:00+10:00,2026-05-28T08:55:00+10:00
LEM_WIL,Lemonthyme / Wilmot,NEM,TAS1,-41.603738,146.13894,LEM_WIL,LEM_WIL,hydro,operating,81.6,86,,89.06,,2099-12-31T14:00:00+10:00,2005-05-16T16:00:00+10:00,2026-08-01T16:20:00+10:00
LDBESS,Liddell,NEM,NSW1,-32.37564,150.978578,LDBESS1,LDBESS1,battery,operating,755.08,500,1086.2,502.2545,,2045-12-31T14:00:00+10:00,2025-12-15T12:55:00+10:00,2026-08-01T15:40:00+10:00
LILYVASF,Lilyvale,NEM,QLD1,-23.084225,148.425994,LILYSF1,LILYSF1,solar_utility,operating,118,100,,105.9062,,2047-12-31T14:00:00+10:00,2019-03-09T11:10:00+10:00,2026-08-01T16:20:00+10:00
LIMBESS,Limondale,NEM,NSW1,-34.769354,143.559464,LIMBESS1,LIMBESS1,battery,operating,141,50,536,51.4717,,2044-12-31T14:00:00+10:00,2025-10-16T09:00:00+10:00,2026-08-01T16:20:00+10:00
LIMOSF1,Limondale,NEM,NSW1,-34.771747,143.500494,LIMOSF11,LIMOSF11,solar_utility,operating,275,220,,229.0087,,2049-12-31T14:00:00+10:00,2020-07-01T08:45:00+10:00,2026-08-01T16:20:00+10:00
LIMOSF2,Limondale 2,NEM,NSW1,-34.775502,143.508046,LIMOSF21,LIMOSF21,solar_utility,operating,38,29,,30.2905,,2049-12-31T14:00:00+10:00,2019-12-24T06:10:00+10:00,2026-08-01T16:20:00+10:00
LGAPWF1,Lincoln Gap,NEM,SA1,-32.564612,137.557203,LGAPWF2,LGAPWF2,wind,operating,86,85,,85.53,,2044-12-31T14:00:00+10:00,2021-12-14T00:05:00+10:00,2026-08-01T16:20:00+10:00
LGAPWF1,Lincoln Gap,NEM,SA1,-32.564612,137.557203,LGAPBS1,LGAPBS1,battery,operating,10.8,13,10,9.39,,2044-12-31T14:00:00+10:00,2026-02-26T08:45:00+10:00,2026-07-31T14:50:00+10:00
LGAPWF1,Lincoln Gap,NEM,SA1,-32.564612,137.557203,LGAPWF1,LGAPWF1,wind,operating,126,123,,167.12,,2044-12-31T14:00:00+10:00,2019-05-01T11:55:00+10:00,2026-08-01T16:20:00+10:00
LONGFORD,Longford,NEM,VIC1,-38.223244,147.1631,LONGFORD,LONGFORD,gas_ocgt,operating,46.4,46.4,,,,2031-12-31T14:00:00Z,,
LRSF,Longreach,NEM,QLD1,-23.446178,144.35918,LRSF1,LRSF1,solar_utility,operating,17,15,,15.1,,2042-12-31T14:00:00+10:00,2018-04-16T10:15:00+10:00,2026-08-01T16:20:00+10:00
LONSDALE,Lonsdale,NEM,SA1,-35.109703,138.490992,LONSDALE,LONSDALE,distillate,operating,20,21,,21.641,,2069-12-31T14:00:00+10:00,2016-01-12T11:45:00+10:00,2026-06-22T08:40:00+10:00
LOYYANGA,Loy Yang A,NEM,VIC1,-38.253534,146.574459,LYA3,LYA3,coal_brown,operating,560,590,,598.2,,2034-12-31T14:00:00+10:00,1998-12-07T02:50:00+10:00,2026-08-01T16:20:00+10:00
LOYYANGA,Loy Yang A,NEM,VIC1,-38.253534,146.574459,LYA4,LYA4,coal_brown,operating,560,580,,588.6,,2034-12-31T14:00:00+10:00,1998-12-07T10:30:00+10:00,2026-08-01T16:20:00+10:00
LOYYANGA,Loy Yang A,NEM,VIC1,-38.253534,146.574459,LYA2,LYA2,coal_brown,operating,530,535,,540,,2034-12-31T14:00:00+10:00,1998-12-07T02:50:00+10:00,2026-08-01T16:20:00+10:00
LOYYANGA,Loy Yang A,NEM,VIC1,-38.253534,146.574459,LYA1,LYA1,coal_brown,operating,560,590,,599.4,,2034-12-31T14:00:00+10:00,1998-12-07T02:50:00+10:00,2026-08-01T16:20:00+10:00
LOYYB,Loy Yang B,NEM,VIC1,-38.256446,146.584982,LOYYB1,LOYYB1,coal_brown,operating,500,600,,595.4886,,2046-12-31T14:00:00+10:00,1998-12-07T02:50:00+10:00,2026-08-01T16:20:00+10:00
LOYYB,Loy Yang B,NEM,VIC1,-38.256446,146.584982,LOYYB2,LOYYB2,coal_brown,operating,500,600,,600,,2046-12-31T14:00:00+10:00,1998-12-07T02:50:00+10:00,2026-08-01T16:20:00+10:00
LUCASHGT,Lucas Heights,NEM,NSW1,-34.04829,150.973916,LUCASHGT,LUCASHGT,bioenergy_biogas,operating,12.65,13,,,,2024-12-31T14:00:00Z,,
LUCAS2S2,Lucas Heights 2,NEM,NSW1,-34.044088,150.972475,LUCAS2S2,LUCAS2S2,bioenergy_biogas,operating,4.6,5,,,,2024-12-31T14:00:00Z,,
MACARTH,Macarthur,NEM,VIC1,-38.043483,142.179081,MACARTH1,MACARTH1,wind,operating,420,420,,426.46,,2037-12-31T14:00:00+10:00,2012-09-27T14:20:00+10:00,2026-08-01T16:20:00+10:00
MCINTYR,MacIntyre,NEM,QLD1,-28.2163,152.0327,MCINTYR1,MCINTYR1,wind,operating,923,890,,511.705,,2053-12-31T14:00:00+10:00,2024-08-28T14:45:00+10:00,2026-08-01T16:20:00+10:00
MACKNTSH,Mackintosh,NEM,TAS1,-41.69974,145.646154,MACKNTSH,MACKNTSH,hydro,operating,79.9,89,,90.81,,2099-12-31T14:00:00+10:00,2005-05-16T13:35:00+10:00,2026-08-01T16:20:00+10:00
MANSLR,Manildra,NEM,NSW1,-33.172681,148.718175,MANSLR1,MANSLR1,solar_utility,operating,50,46,,46.81,,2047-12-31T14:00:00+10:00,2018-05-02T13:25:00+10:00,2026-08-01T16:20:00+10:00
BRIDGETOWN_BIOMASS_PLANT,Manjimup,WEM,WEM,-34.333151,116.108521,BRIDGETOWN_BIOMASS_PLANT,BRIDGETOWN_BIOMASS_PLANT,bioenergy_biomass,operating,40,40,,,,2043-12-31T16:00:00Z,,
MANNUMB,Mannum,NEM,SA1,-34.917537,139.262695,MANNUMB1,MANNUMB1,battery,operating,131.7,100,200,102.86,,2043-12-31T14:00:00+10:00,2025-05-13T07:10:00+10:00,2026-08-01T11:10:00+10:00
MANNSF,Mannum 2,NEM,SA1,-34.9144,139.2681,MANNSF2,MANNSF2,solar_utility,operating,37,29,,31.36,,2057-12-31T14:00:00+10:00,2024-01-03T09:25:00+10:00,2026-08-01T16:20:00+10:00
MAPS2,Mannum Pumping Station,NEM,SA1,-34.854044,139.189749,MAPS3PV1,MAPS3PV1,solar_utility,operating,16.5,12,,12.16,,2040-12-31T14:00:00+10:00,2023-03-23T12:05:00+10:00,2026-08-01T16:20:00+10:00
MAPS2,Mannum Pumping Station,NEM,SA1,-34.854044,139.189749,MAPS2PV1,MAPS2PV1,solar_utility,operating,16.5,13.4,,13.29,,2040-12-31T14:00:00+10:00,2021-08-18T11:00:00+10:00,2026-08-01T16:20:00+10:00
MAROOWF1,Maroona,NEM,VIC1,-37.41875,142.82434,MAROOWF1,MAROOWF1,wind,operating,6.8,6,,,,2042-12-31T14:00:00Z,,
MARYRSF,Maryrorough,NEM,QLD1,-27.708611,151.546202,MARYRSF1,MARYRSF1,solar_utility,operating,33,27,,29.62,,2047-12-31T14:00:00+10:00,2020-03-17T16:35:00+10:00,2026-08-01T16:20:00+10:00
MEADOWBK,Meadowbank,NEM,TAS1,-42.611178,146.845687,MEADOWBK,MEADOWBK,hydro,operating,40,44,,44.6705,,2099-12-31T14:00:00+10:00,2005-05-16T13:35:00+10:00,2026-08-01T16:20:00+10:00
MREH,Melbourne A1,NEM,VIC1,-37.661157,144.726292,MREHA1,MREHA1,battery,operating,215.8,200,400,202.0066,,2049-12-31T14:00:00+10:00,2025-08-12T11:10:00+10:00,2026-08-01T16:20:00+10:00
MREHA2,Melbourne A2,NEM,VIC1,-37.663934,144.726927,MREHA2,MREHA2,battery,operating,215.8,200,400,201.691,,2049-12-31T14:00:00+10:00,2025-08-25T16:25:00+10:00,2026-08-01T15:35:00+10:00
MREHA3,Melbourne A3,NEM,VIC1,-37.663819,144.726859,MREHA3,MREHA3,battery,operating,215.4,200,800,202.9868,,2049-12-31T14:00:00+10:00,2025-09-12T15:15:00+10:00,2026-08-01T16:20:00+10:00
MERSOLAR,Merredin,WEM,WEM,-31.539824,118.238339,MERSOLAR_PV1,MERSOLAR_PV1,solar_utility,operating,132,100,,100.79,,2049-12-31T16:00:00+10:00,2020-07-09T12:00:00+10:00,2026-08-01T14:15:00+10:00
NAMKKN_MERR,Merredin,WEM,WEM,-31.542681,118.22701,NAMKKN_MERR_SG1,NAMKKN_MERR_SG1,gas_ocgt,operating,92.6,92.6,,96.9,,2036-12-31T16:00:00+10:00,2013-12-17T19:00:00+10:00,2026-07-31T14:20:00+10:00
AMBRISOLAR,Metro,WEM,WEM,-32.103385,115.808456,AMBRISOLAR_PV1,AMBRISOLAR_PV1,solar_utility,operating,0.96,0.96,,0.952,,2043-12-31T16:00:00+08:00,2018-09-26T08:00:00+08:00,2026-08-01T14:15:00+08:00
METZSF,Metz N,NEM,NSW1,-30.515484,151.859815,METZSF1,METZSF1,solar_utility,operating,135,115,,117.519,,2051-12-31T14:00:00+08:00,2022-03-29T08:20:00+08:00,2026-08-01T16:20:00+08:00
MIDDLSF1,Middlemount,NEM,QLD1,-22.823243,148.718008,MIDDLSF1,MIDDLSF1,solar_utility,operating,30,26,,35.9,,2049-12-31T14:00:00+10:00,2020-12-10T11:10:00+10:00,2026-08-01T16:20:00+10:00
MIDLDPS,Midlands,NEM,TAS1,-42.085747,147.274558,MIDLDPS1,MIDLDPS1,hydro,operating,6.08,7,,,,2038-12-31T14:00:00Z,,
MILLMERN,Millmerran,NEM,QLD1,-27.961319,151.277699,MPP_2,MPP_2,coal_black,operating,426,435,,458.191,,2050-12-31T14:00:00+10:00,2003-01-01T13:35:00+10:00,2026-08-01T16:20:00+10:00
MILLMERN,Millmerran,NEM,QLD1,-27.961319,151.277699,MPP_1,MPP_1,coal_black,operating,426,435,,462.6773,,2050-12-31T14:00:00+10:00,2001-11-09T20:40:00+10:00,2026-08-01T16:20:00+10:00
MINTARO,Mintaro,NEM,SA1,-33.903056,138.738162,MINTARO,MINTARO,gas_ocgt,operating,90,105,,107.7419,,2029-12-31T14:00:00+10:00,1998-12-08T08:20:00+10:00,2026-08-01T16:20:00+10:00
MINTARO,Mintaro,NEM,SA1,-33.903056,138.738162,MINTNL1,MINTNL1,gas_ocgt,operating,25,,,,,2029-12-31T14:00:00Z,,
MOKOSF,Mokoan,NEM,VIC1,-36.489246,146.128325,MOKOSF1,MOKOSF1,solar_utility,operating,58,46,,46.37,,2054-12-31T14:00:00+10:00,2024-12-16T11:05:00+10:00,2026-08-01T16:20:00+10:00
MOLNGSF1,Molong,NEM,NSW1,-33.08981,148.912255,MOLNGSF1,MOLNGSF1,solar_utility,operating,36,30,,30.055,,2044-12-31T14:00:00+10:00,2020-11-10T05:25:00+10:00,2026-08-01T16:20:00+10:00
MOORAWF1,Moorabool,NEM,VIC1,-37.739433,144.171985,MOORAWF1,MOORAWF1,wind,operating,312,305,,308.82,,2043-12-31T14:00:00+10:00,2020-11-19T09:55:00+10:00,2026-08-01T16:20:00+10:00
MORANBAH,Moranbah,NEM,QLD1,-21.962469,148.006004,MORANBAH,MORANBAH,gas_recip,operating,12.56,13,,,,,,
MBAHNTH,Moranbah North,NEM,QLD1,-21.978481,148.004809,MBAHNTH,MBAHNTH,gas_wcmg,operating,63.42,63,,59.925,,2037-12-31T14:00:00+10:00,2014-10-21T00:05:00+10:00,2026-08-01T16:20:00+10:00
MOREESF,Moree,NEM,NSW1,-29.569066,149.866721,MOREESF1,MOREESF1,solar_utility,operating,57,56,,56.4656,,2045-12-31T14:00:00+10:00,2016-02-22T08:05:00+10:00,2026-08-01T16:20:00+10:00
MWPS,Morganwhyalla Pipeline,NEM,SA1,-33.97382,139.193756,MWPS4PV1,MWPS4PV1,solar_utility,operating,5,4,,4.69,,2040-12-31T14:00:00+08:00,2021-03-01T09:40:00+08:00,2026-08-01T16:20:00+08:00
MWPS,Morganwhyalla Pipeline,NEM,SA1,-33.97382,139.193756,MWPS3PV1,MWPS3PV1,solar_utility,operating,7,6,,6.25,,2044-12-31T14:00:00+08:00,2020-11-13T15:25:00+08:00,2026-07-29T17:20:00+08:00
MWPS,Morganwhyalla Pipeline,NEM,SA1,-33.97382,139.193756,MWPS2PV1,MWPS2PV1,solar_utility,operating,5,4,,4.71,,2040-12-31T14:00:00+08:00,2021-03-16T11:00:00+08:00,2026-08-01T16:20:00+08:00
MWPS,Morganwhyalla Pipeline,NEM,SA1,-33.97382,139.193756,MWPS1PV1,MWPS1PV1,solar_utility,operating,5,4,,4.61,,2030-12-31T14:00:00+08:00,2021-03-18T09:35:00+08:00,2026-08-01T16:20:00+08:00
MRNBESS,Mornington,NEM,VIC1,-38.268707,145.204823,MRNBESS1,MRNBESS1,battery,commissioning,336,240,590,168.61,,2044-12-31T14:00:00+10:00,2026-04-08T10:15:00+10:00,2026-07-31T14:35:00+10:00
MLB,Mortlake,NEM,VIC1,-38.06698,142.669466,MLB01,MLB01,battery,operating,440,300,650,302.42,,2055-12-31T14:00:00+10:00,2026-03-05T14:50:00+10:00,2026-07-24T11:35:00+10:00
MORTLK,Mortlake,NEM,VIC1,-38.063237,142.668677,MORTLK12,MORTLK12,gas_ocgt,operating,283,292,,298,,2051-12-31T14:00:00+10:00,2011-09-23T17:25:00+10:00,2026-07-31T22:25:00+10:00
MORTLK,Mortlake,NEM,VIC1,-38.063237,142.668677,MORTLK11,MORTLK11,gas_ocgt,operating,283,292,,299,,2051-12-31T14:00:00+10:00,2011-08-01T15:50:00+10:00,2026-07-31T23:10:00+10:00
MRTLSWF,Mortlake South,NEM,VIC1,-38.146832,142.853134,MRTLSWF1,MRTLSWF1,wind,operating,157.5,153,,155.27,,2046-12-31T14:00:00+10:00,2022-10-25T17:45:00+10:00,2026-08-01T16:20:00+10:00
MLWF,Mortons Lane,NEM,VIC1,-37.833186,142.465288,MLWF1,MLWF1,wind,operating,19.5,20,,20.085,,2034-12-31T14:00:00+10:00,2012-11-13T13:50:00+10:00,2026-08-01T16:20:00+10:00
SKYFRM_MTBARKER,Mount Barker,WEM,WEM,-34.601163,117.643904,SKYFRM_MTBARKER_WF1,SKYFRM_MTBARKER_WF1,wind,operating,2.43,2.43,,2.508,,,2013-12-17T08:00:00+10:00,2026-08-01T14:15:00+10:00
MOUSF,Moura,NEM,QLD1,-24.515007,150.087256,MOUSF1,MOUSF1,solar_utility,operating,99,82,,84.6552,,2056-12-31T14:00:00+10:00,2022-10-21T12:50:00+10:00,2026-08-01T16:20:00+10:00
MEWF,Mt Emerald,NEM,QLD1,-17.133248,145.380037,MEWF1,MEWF1,wind,operating,180,178,,191.4962,,2042-12-31T14:00:00+10:00,2018-08-20T14:25:00+10:00,2026-08-01T16:20:00+10:00
MTGELWF,Mt Gellibrand,NEM,VIC1,-38.258519,143.802037,MTGELWF1,MTGELWF1,wind,operating,138,132,,102.5468,,2042-12-31T14:00:00+10:00,2018-06-21T16:40:00+10:00,2026-08-01T16:20:00+10:00
MTMERCER,Mt Mercer,NEM,VIC1,-37.831791,143.888681,MERCER01,MERCER01,wind,operating,131.2,131,,131.6,,2042-12-31T14:00:00+10:00,2013-11-25T13:15:00+10:00,2026-08-01T16:20:00+10:00
MTMILLAR,Mt Millar,NEM,SA1,-33.62534,136.703771,MTMILLAR,MTMILLAR,wind,operating,70,70,,71.0087,,2034-12-31T14:00:00+10:00,2009-07-01T00:05:00+10:00,2026-08-01T16:20:00+10:00
MP,Mt Piper,NEM,NSW1,-33.358121,150.032642,MP2,MP2,coal_black,operating,700,700,,728.0555,,2039-12-31T14:00:00+10:00,1998-12-07T02:50:00+10:00,2026-08-01T16:20:00+10:00
MP,Mt Piper,NEM,NSW1,-33.358121,150.032642,MP1,MP1,coal_black,operating,700,700,,751.6,,2039-12-31T14:00:00+10:00,1998-12-07T02:50:00+10:00,2026-08-01T16:20:00+10:00
MSTUART,Mt Stuart,NEM,QLD1,-19.337807,146.850916,MSTUART2,MSTUART2,distillate,operating,144,152,,152.35,,2037-12-31T14:00:00+10:00,1998-12-23T10:10:00+10:00,2026-08-01T16:20:00+10:00
MSTUART,Mt Stuart,NEM,QLD1,-19.337807,146.850916,MSTUART1,MSTUART1,distillate,operating,144,152,,155.02,,2037-12-31T14:00:00+10:00,1998-12-14T12:50:00+10:00,2026-08-01T16:20:00+10:00
MSTUART,Mt Stuart,NEM,QLD1,-19.337807,146.850916,MSTUART3,MSTUART3,distillate,operating,131,139,,133.0012,,2048-12-31T14:00:00+10:00,2009-10-16T12:30:00+10:00,2026-05-29T17:55:00+10:00
MLSP,Mugga Lane,NEM,NSW1,-35.399485,149.1454,MLSP1,MLSP1,solar_utility,operating,12,12,,1356,,2040-12-31T14:00:00+10:00,2016-11-16T14:35:00+10:00,2026-08-01T16:20:00+10:00
MUJA,Muja CD,WEM,WEM,-33.450246,116.30482,MUJA_G8,MUJA_G8,coal_black,operating,212.6,212.6,,224.2757,,2029-09-30T16:00:00+10:00,2013-12-18T08:00:00+10:00,2026-08-01T14:15:00+10:00
MUJA,Muja CD,WEM,WEM,-33.450246,116.30482,MUJA_G7,MUJA_G7,coal_black,operating,212.6,212.6,,228.497,,2029-09-30T16:00:00+10:00,2013-12-18T08:00:00+10:00,2026-06-21T10:25:00+10:00
MULWASF,Mulwala,NEM,NSW1,-35.958258,146.007893,MULWASF1,MULWASF1,solar_utility,commissioning,31,25,,19.98,,2055-12-31T14:00:00+08:00,2026-04-21T15:40:00+08:00,2026-08-01T16:20:00+08:00
MWF_MUMBIDA,Mumbida,WEM,WEM,-29.011063,114.966228,MWF_MUMBIDA_WF1,MWF_MUMBIDA_WF1,wind,operating,55,55,,56.55,,2032-12-31T16:00:00+10:00,2013-12-17T08:00:00+10:00,2026-08-01T14:15:00+10:00
MUNGARRA,Mungarra,WEM,WEM,-28.889524,115.117946,MUNGARRA_GT3,MUNGARRA_GT3,gas_ocgt,operating,38,38,,41.91,,2025-12-31T16:00:00+10:00,2013-12-18T08:00:00+10:00,2026-07-22T12:35:00+10:00
MUNGARRA,Mungarra,WEM,WEM,-28.889524,115.117946,MUNGARRA_GT1,MUNGARRA_GT1,gas_ocgt,operating,39.5,39.5,,43.561,,2025-12-31T16:00:00+10:00,2014-01-12T09:30:00+10:00,2026-07-22T09:00:00+10:00
MUNGARRA,Mungarra,WEM,WEM,-28.889524,115.117946,MUNGARRA_GT2,MUNGARRA_GT2,gas_ocgt,operating,39.5,39.5,,43.936,,2025-12-31T16:00:00+10:00,2013-12-18T08:00:00+10:00,2018-09-03T20:00:00+10:00
MUCRKSF,Munna Creek,NEM,QLD1,-25.882106,152.459626,MUCRKSF1,MUCRKSF1,solar_utility,operating,154,120,,122.07,,2052-12-31T14:00:00+10:00,2025-09-02T00:05:00+10:00,2026-08-01T16:20:00+10:00
MUWAWF,Murra Warra,NEM,VIC1,-36.438821,142.246003,MUWAWF1,MUWAWF1,wind,operating,231.8,225.7,,230.39,,2048-12-31T14:00:00+10:00,2019-04-08T19:45:00+10:00,2026-07-27T08:55:00+10:00
MUWAWF,Murra Warra,NEM,VIC1,-36.438821,142.246003,MUWAWF2,MUWAWF2,wind,operating,209,203,,206.6,,2051-12-31T14:00:00+10:00,2022-02-15T00:05:00+10:00,2026-08-01T16:20:00+10:00
MURRAY,Murray,NEM,VIC1,-36.24683,148.1902,MURRAY,MURRAY,hydro,operating,1500,1575,,1556.6997,,2069-12-31T14:00:00+08:00,2001-07-15T00:40:00+08:00,2026-08-01T09:45:00+08:00
MBPS2,Murray Bridge-Onkaparinga,NEM,SA1,-35.096848,139.209527,MBPS2PV1,MBPS2PV1,solar_utility,operating,13.75,10.3,,10.32,,2040-12-31T14:00:00+10:00,2022-03-08T09:25:00+10:00,2026-08-01T16:20:00+10:00
MUSSELRO,Musselroe,NEM,TAS1,-40.780012,148.010283,MUSSELR1,MUSSELR1,wind,operating,168,168,,168.9,,2049-12-31T14:00:00+10:00,2013-03-21T14:05:00+10:00,2026-08-01T16:20:00+10:00
NASF,Narromine,NEM,NSW1,-32.220895,148.255308,NASF1,NASF1,solar_utility,operating,10,9,,,,2041-12-31T14:00:00Z,,
NEWGEN_NEERABUP,Neerabup,WEM,WEM,-31.671138,115.802397,NEWGEN_NEERABUP_GT1,NEWGEN_NEERABUP_GT1,gas_ocgt,operating,342,342,,346.373,,2039-12-31T16:00:00+08:00,2013-12-17T09:30:00+08:00,2026-07-31T23:30:00+08:00
NEVERSF,Nevertire,NEM,NSW1,-31.822603,147.703086,NEVERSF1,NEVERSF1,solar_utility,operating,132,105,,107.06,,2048-12-31T14:00:00+10:00,2019-12-03T06:45:00+10:00,2026-08-01T16:20:00+10:00
NEWENSF,New England,NEM,NSW1,-30.627323,151.556425,NEWENSF1,NEWENSF1,solar_utility,operating,235,200,,218.3691,,2072-12-31T14:00:00+10:00,2023-04-18T08:55:00+10:00,2026-08-01T16:20:00+10:00
NEWENSF,New England,NEM,NSW1,-30.627323,151.556425,NEWENSF2,NEWENSF2,solar_utility,operating,235,200,,222.5239,,2072-12-31T14:00:00+10:00,2022-12-20T10:45:00+10:00,2026-08-01T16:20:00+10:00
NESBESS1,New England 1,NEM,NSW1,-30.626481,151.616,NESBESS1,NESBESS1,battery,operating,126,100,200,191.7098,,2074-12-31T14:00:00+10:00,2026-02-18T05:50:00+10:00,2026-08-01T16:20:00+10:00
NESBESS2,New England 2,NEM,NSW1,-30.626481,151.616,NESBESS2,NESBESS2,battery,operating,126,100,200,190.9133,,2075-12-31T14:00:00+10:00,2026-02-18T05:45:00+10:00,2026-08-01T16:20:00+10:00
NEWGEN_KWINANA,Newgen Kwinana,WEM,WEM,-32.202009,115.773434,NEWGEN_KWINANA_CCG1,NEWGEN_KWINANA_CCG1,gas_ccgt,operating,327.8,327.8,,346.08,,2048-09-30T16:00:00+10:00,2013-12-17T08:00:00+10:00,2026-08-01T14:15:00+10:00
NEWPORT,Newport,NEM,VIC1,-37.841423,144.894923,NPS,NPS,gas_steam,operating,500,510,,595.5,,2038-12-31T14:00:00+08:00,1998-12-07T11:15:00+08:00,2026-07-09T21:05:00+08:00
NBHWF,North Brown Hill,NEM,SA1,-33.228116,138.716888,NBHWF1,NBHWF1,wind,operating,132.3,132,,131.8,,2035-12-31T14:00:00+10:00,2010-08-14T20:50:00+10:00,2026-08-01T14:10:00+10:00
NORTHAM_SF,Northam,WEM,WEM,-31.65161,116.711541,NORTHAM_SF_PV1,NORTHAM_SF_PV1,solar_utility,operating,10,10,,9.903,,2037-12-31T16:00:00+10:00,2018-11-15T09:30:00+10:00,2026-08-01T14:15:00+10:00
TESLA_NORTHAM,Northam,WEM,WEM,-31.642906,116.847503,TESLA_NORTHAM_G1,TESLA_NORTHAM_G1,distillate,operating,10,10,,10.597,,2047-08-31T16:00:00+08:00,2014-02-21T10:30:00+08:00,2026-05-12T07:15:00+08:00
NUMURKSF,Numurkah,NEM,VIC1,-36.161038,145.476491,NUMURSF1,NUMURSF1,solar_utility,operating,112,100,,101.93,,2043-12-31T14:00:00+10:00,2019-05-07T07:35:00+10:00,2026-08-01T16:20:00+10:00
NYNGAN,Nyngan,NEM,NSW1,-31.555475,147.08622,NYNGAN1,NYNGAN1,solar_utility,operating,102.14,102,,102.75,,2041-12-31T14:00:00+10:00,2015-03-21T14:50:00+10:00,2026-08-01T16:20:00+10:00
OAKEY,Oakey,NEM,QLD1,-27.418268,151.680205,OAKEY2,OAKEY2,gas_ocgt,operating,141,173,,174.51,,2049-12-31T14:00:00+10:00,1999-11-20T22:40:00+10:00,2026-06-24T20:55:00+10:00
OAKEY,Oakey,NEM,QLD1,-27.418268,151.680205,OAKEY1,OAKEY1,gas_ocgt,operating,141,173,,174.0012,,2049-12-31T14:00:00+10:00,1999-09-26T13:05:00+10:00,2026-06-24T20:35:00+10:00
OAKEY2SF,Oakey 2,NEM,QLD1,-27.402454,151.642576,OAKEY2SF,OAKEY2SF,solar_utility,operating,65,55,,56.09,,2048-12-31T14:00:00+10:00,2019-09-13T06:10:00+10:00,2026-08-01T16:20:00+10:00
OAKEY1SF,Oakey Solar Farm,NEM,QLD1,-27.410516,151.652849,OAKEY1SF,OAKEY1SF,solar_utility,operating,30,25,,47,,2042-12-31T14:00:00+10:00,2019-03-13T07:15:00+10:00,2026-08-01T16:20:00+10:00
OAKLAND,Oaklands Hill,NEM,VIC1,-37.681514,142.552322,OAKLAND1,OAKLAND1,wind,operating,67,63,,67.1,,2036-12-31T14:00:00+10:00,2011-08-25T12:30:00+10:00,2026-08-01T16:20:00+10:00
OCPS,Oaky Creek,NEM,QLD1,-23.048717,148.484462,OAKYCREK,OAKYCREK,gas_recip,operating,20,20,,,,2024-12-31T14:00:00Z,,
OAKY2,Oaky Creek 2,NEM,QLD1,-23.048717,148.484462,OAKY2,OAKY2,gas_wcmg,operating,15,15,,,,2024-12-31T14:00:00Z,,
ORABESS,Orana,NEM,NSW1,-32.530421,148.962923,ORABESS1,ORABESS1,battery,operating,439,415,1660,419.6963,,2065-12-31T14:00:00+10:00,2026-01-22T07:50:00+10:00,2026-08-01T16:20:00+10:00
OSBORNE,Osborne,NEM,SA1,-34.797702,138.50779,OSB-AG,OSB-AG,gas_ccgt,operating,180,204,,202.4732,,2027-12-30T14:00:00+10:00,2000-02-15T14:25:00+10:00,2026-08-01T16:20:00+10:00
PALOONA,Paloona,NEM,TAS1,-41.282674,146.249036,PALOONA,PALOONA,hydro,operating,28,33,,33.0223,,2099-12-31T14:00:00+10:00,2009-07-01T00:05:00+10:00,2026-08-01T16:20:00+10:00
PSF,Parkes,NEM,NSW1,-33.117567,148.078825,PARSF1,PARSF1,solar_utility,operating,55,50.5,,53.0031,,2041-12-31T14:00:00+08:00,2018-02-02T17:35:00+08:00,2026-08-01T16:20:00+08:00
PRK_AG,Parkeston,WEM,WEM,-30.737642,121.50639,PRK_AG,PRK_AG,gas_ocgt,operating,110,110,,74.28,,2036-06-30T16:00:00+08:00,2013-12-18T07:00:00+08:00,2026-07-15T20:40:00+08:00
NPPPPS,Pelican Point,NEM,SA1,-34.765325,138.505402,PPCCGT,PPCCGT,gas_ccgt,operating,478,522,,532.5928,,2036-12-31T14:00:00+08:00,2000-09-11T18:20:00+08:00,2026-08-01T16:20:00+08:00
PIBESS,Phillip Island,NEM,VIC1,-38.483293,145.22488,PIBESS1,PIBESS1,battery,operating,7,5,11.9,5.054,,2037-12-31T14:00:00+08:00,2024-08-27T13:05:00+08:00,2026-08-01T12:45:00+08:00
PHOENIX_KWINANA_WTE,Phoenix,WEM,WEM,-32.210173,115.777241,PHOENIX_KWINANA_WTE_G1,PHOENIX_KWINANA_WTE_G1,bioenergy_biomass,operating,38,43,,40.2997,,,2025-04-09T10:25:00+08:00,2026-08-01T14:15:00+08:00
TESLA_PICTON,Picton,WEM,WEM,-33.356646,115.72098,TESLA_PICTON_G1,TESLA_PICTON_G1,distillate,operating,10,10,,10.5694,,2046-06-30T16:00:00+08:00,2014-03-07T14:30:00+08:00,2026-07-07T08:15:00+08:00
PINDARI,Pindari,NEM,NSW1,-29.388034,151.244774,PINDARI,PINDARI,hydro,operating,6.7,6,,,,,,
PINJAR,Pinjar,WEM,WEM,-31.557738,115.820469,PINJAR_GT11,PINJAR_GT11,gas_ocgt,operating,130,130,,211.9548,,2030-12-31T16:00:00+10:00,2013-12-21T16:30:00+10:00,2026-07-31T19:35:00+10:00
PINJAR,Pinjar,WEM,WEM,-31.557738,115.820469,PINJAR_GT10,PINJAR_GT10,gas_ocgt,operating,118.2,118.2,,121.5,,2030-12-31T16:00:00+10:00,2013-12-20T16:00:00+10:00,2026-07-25T01:45:00+10:00
PINJAR,Pinjar,WEM,WEM,-31.557738,115.820469,PINJAR_GT3,PINJAR_GT3,gas_ocgt,operating,39.3,39.3,,42.06,,2030-12-31T16:00:00+10:00,2013-12-21T17:30:00+10:00,2026-08-01T07:55:00+10:00
PINJAR,Pinjar,WEM,WEM,-31.557738,115.820469,PINJAR_GT9,PINJAR_GT9,gas_ocgt,operating,118.2,118.2,,128.813,,2030-12-31T16:00:00+10:00,2013-12-19T08:00:00+10:00,2026-07-28T21:15:00+10:00
PINJAR,Pinjar,WEM,WEM,-31.557738,115.820469,PINJAR_GT4,PINJAR_GT4,gas_ocgt,operating,39.3,39.3,,41.46,,2030-12-31T16:00:00+10:00,2014-01-20T15:00:00+10:00,2026-08-01T07:55:00+10:00
PINJAR,Pinjar,WEM,WEM,-31.557738,115.820469,PINJAR_GT1,PINJAR_GT1,gas_ocgt,operating,38.5,38.5,,40.259,,2030-12-31T16:00:00+10:00,2014-01-08T13:00:00+10:00,2026-07-24T23:20:00+10:00
PINJAR,Pinjar,WEM,WEM,-31.557738,115.820469,PINJAR_GT2,PINJAR_GT2,gas_ocgt,operating,38.5,38.5,,41.835,,2030-12-31T16:00:00+10:00,2014-01-08T14:00:00+10:00,2026-07-21T18:55:00+10:00
PINJAR,Pinjar,WEM,WEM,-31.557738,115.820469,PINJAR_GT5,PINJAR_GT5,gas_ocgt,operating,39.3,39.3,,42.1,,2030-12-31T16:00:00+10:00,2014-01-20T13:30:00+10:00,2026-07-17T18:30:00+10:00
PINJAR,Pinjar,WEM,WEM,-31.557738,115.820469,PINJAR_GT7,PINJAR_GT7,gas_ocgt,operating,39.3,39.3,,41.272,,2030-12-31T16:00:00+10:00,2013-12-21T14:30:00+10:00,2026-07-31T08:10:00+10:00
ALINTA_PNJ,Pinjarra,WEM,WEM,-32.647459,115.946592,ALINTA_PNJ_U2,ALINTA_PNJ_U2,gas_ocgt,operating,143,143,,148.2,,2046-06-30T16:00:00+10:00,2013-12-17T08:00:00+10:00,2026-08-01T14:15:00+10:00
ALINTA_PNJ,Pinjarra,WEM,WEM,-32.647459,115.946592,ALINTA_PNJ_U1,ALINTA_PNJ_U1,gas_ocgt,operating,143,143,,146.652,,2046-06-30T16:00:00+10:00,2013-12-17T08:00:00+10:00,2026-08-01T14:15:00+10:00
PIONEER,Pioneer Sugar Mill,NEM,QLD1,-19.557546,147.330825,PIONEER,PIONEER,bioenergy_biomass,operating,67.78,68,,55.1,,2039-12-31T14:00:00+08:00,2009-07-01T00:05:00+08:00,2026-08-01T16:20:00+08:00
PTINA,Poatina,NEM,TAS1,-41.811531,146.919117,POAT110,POAT110,hydro,operating,100,124,,123.67,,2099-12-31T14:00:00+10:00,2005-05-16T13:35:00+10:00,2026-07-13T07:50:00+10:00
PTINA,Poatina,NEM,TAS1,-41.811531,146.919117,PO110NL1,PO110NL1,hydro,operating,25,,,,,2099-12-31T14:00:00Z,,
PTINA,Poatina,NEM,TAS1,-41.811531,146.919117,POAT220,POAT220,hydro,operating,200,248,,245.8009,,2099-12-31T14:00:00+10:00,2005-05-16T13:35:00+10:00,2026-07-14T16:40:00+10:00
PAREPW,Port Augusta Energy Park,NEM,SA1,-32.595609,137.885629,PAREPW1,PAREPW1,wind,operating,210,201,,217.4811,,2051-12-31T14:00:00+10:00,2022-04-19T18:40:00+10:00,2026-08-01T16:20:00+10:00
PAREPW,Port Augusta Energy Park,NEM,SA1,-32.595609,137.885629,PAREPS1,PAREPS1,solar_utility,operating,99,77,,80.13,,2046-12-31T14:00:00+10:00,2022-10-04T16:25:00+10:00,2026-08-01T16:20:00+10:00
PORTLCN,Port Lincoln,NEM,SA1,-34.700389,135.804384,POR01,POR01,distillate,operating,50,55,,48.2489,,2027-12-31T14:00:00+10:00,2000-10-06T14:40:00+10:00,2026-05-01T19:30:00+10:00
PORTLCN,Port Lincoln,NEM,SA1,-34.700389,135.804384,POR03,POR03,distillate,operating,23.5,23,,24.2448,,2027-12-31T14:00:00+10:00,2010-11-13T19:05:00+10:00,2025-03-12T10:35:00+10:00
STANVAC,Port Stanvac,NEM,SA1,-35.110332,138.49135,PTSTAN1,PTSTAN1,distillate,operating,57.6,65,,65,,2069-12-31T14:00:00+10:00,2016-01-12T16:25:00+10:00,2026-07-31T08:00:00+10:00
PORTWF,Portland,NEM,VIC1,-38.361417,141.38456,PORTWF,PORTWF,wind,operating,148,148,,160,,2043-12-31T14:00:00+10:00,2009-07-10T00:05:00+10:00,2026-08-01T16:20:00+10:00
QUARANTN,Quarantine,NEM,SA1,-34.779339,138.522883,QPS5,QPS5,gas_ocgt,operating,128,128,,134.94,,2043-12-31T14:00:00+10:00,2009-02-10T17:45:00+10:00,2026-07-31T22:45:00+10:00
QUARANTN,Quarantine,NEM,SA1,-34.779339,138.522883,QPS3,QPS3,gas_ocgt,operating,24,29.5,,29.3,,2058-12-31T14:00:00+10:00,2001-12-04T19:15:00+10:00,2026-07-31T22:40:00+10:00
QUARANTN,Quarantine,NEM,SA1,-34.779339,138.522883,QPS4,QPS4,gas_ocgt,operating,24,25,,26.9,,2059-12-31T14:00:00+10:00,2001-12-20T10:55:00+10:00,2026-07-30T21:40:00+10:00
QUARANTN,Quarantine,NEM,SA1,-34.779339,138.522883,QPS2,QPS2,gas_ocgt,operating,24,25,,26.4,,2058-12-31T14:00:00+10:00,2001-11-27T13:10:00+10:00,2026-07-31T19:40:00+10:00
QUARANTN,Quarantine,NEM,SA1,-34.779339,138.522883,QPS1,QPS1,gas_ocgt,operating,29,29.5,,29.8,,2057-12-31T14:00:00+10:00,2001-11-24T14:35:00+10:00,2026-07-31T22:50:00+10:00
QBYNB,Queanbeyan,NEM,NSW1,-35.339311,149.215101,QBYNB1,QBYNB1,battery,operating,10,10,20,10.2453,,2032-12-31T14:00:00+10:00,2024-08-21T13:05:00+10:00,2026-08-01T16:20:00+10:00
QP,Quorn Park,NEM,NSW1,-33.079517,148.089521,QPSFB2,QPSFB2,battery,operating,27,19,40,32.7025,,2044-12-31T14:00:00+10:00,2026-01-22T10:55:00+10:00,2026-08-01T13:45:00+10:00
QP,Quorn Park,NEM,NSW1,-33.079517,148.089521,QPSFB1,QPSFB1,solar_utility,operating,96,80,,72.038,,2054-12-31T14:00:00+10:00,2026-01-22T10:55:00+10:00,2026-08-01T16:20:00+10:00
RACOMIL,Racecourse Mill,NEM,QLD1,-21.163842,149.135738,RACOMIL1,RACOMIL1,bioenergy_biomass,operating,48.5,48,,,,2043-12-31T14:00:00Z,,
RANGEB,Rangebank,NEM,VIC1,-38.085056,145.259936,RANGEB1,RANGEB1,battery,operating,260,200,400,202.78,,2043-12-31T14:00:00+10:00,2024-08-27T11:55:00+10:00,2026-08-01T16:20:00+10:00
RED_HILL,Red Hill,WEM,WEM,-31.830628,116.100888,RED_HILL,RED_HILL,bioenergy_biogas,operating,3.64,3.64,,3.848,,,2013-12-17T08:00:00+10:00,2026-08-01T14:15:00+10:00
REECE,Reece,NEM,TAS1,-41.723739,145.136012,REECE1,REECE1,hydro,operating,115.6,119,,122.29,,2099-12-31T14:00:00+08:00,2005-05-16T13:35:00+08:00,2026-08-01T16:20:00+08:00
REECE,Reece,NEM,TAS1,-41.723739,145.136012,REECE2,REECE2,hydro,operating,115.6,119,,121.84,,2099-12-31T14:00:00+08:00,2005-05-16T13:35:00+08:00,2026-08-01T16:20:00+08:00
REPULSE,Repulse,NEM,TAS1,-42.507691,146.647,REPULSE,REPULSE,hydro,operating,28,34,,34.099,,2099-12-31T14:00:00+10:00,2009-07-01T00:05:00+10:00,2026-08-01T16:20:00+10:00
BIOGAS01,Richgro,WEM,WEM,-32.103786,115.895771,BIOGAS01,BIOGAS01,bioenergy_biogas,operating,2,2,,3,,2034-12-31T16:00:00+10:00,2015-10-12T08:00:00+10:00,2026-08-01T14:15:00+10:00
RESS,Riverina 1,NEM,NSW1,-34.646349,146.035015,RESS1,RESS1,battery,operating,80,60,120,60.6692,,2050-12-31T14:00:00+10:00,2024-10-29T13:15:00+10:00,2026-08-01T16:20:00+10:00
RIVNB,Riverina 2,NEM,NSW1,-34.646349,146.035015,RIVNB2,RIVNB2,battery,operating,65,65,130,65.5561,,2050-12-31T14:00:00+10:00,2024-08-08T04:10:00+10:00,2026-08-01T16:20:00+10:00
ROCKINGHAM,Rockingham,WEM,WEM,-32.287538,115.815885,ROCKINGHAM,ROCKINGHAM,bioenergy_biogas,operating,4.2,4.2,,3.908,,,2013-12-17T08:30:00+10:00,2025-12-10T09:00:00+10:00
RPCG,Rocky Point Cogen,NEM,QLD1,-27.733564,153.326464,RPCG,RPCG,bioenergy_biomass,operating,30,30,,221.9449,,2027-12-31T14:00:00+10:00,2011-01-28T12:15:00+10:00,2026-08-01T14:00:00+10:00
ROMA,Roma,NEM,QLD1,-26.577126,148.84009,ROMA_8,ROMA_8,gas_ocgt,operating,40,42,,54,,2038-12-31T14:00:00+08:00,1999-02-05T14:20:00+08:00,2026-07-16T08:30:00+08:00
ROMA,Roma,NEM,QLD1,-26.577126,148.84009,ROMA_7,ROMA_7,gas_ocgt,operating,40,42,,41.33,,2038-12-31T14:00:00+08:00,1999-02-09T12:45:00+08:00,2026-07-16T08:30:00+08:00
RRSF,Ross River,NEM,QLD1,-19.42622,146.715299,RRSF1,RRSF1,solar_utility,operating,128,116,,116.9258,,2042-12-31T14:00:00+10:00,2018-09-12T10:45:00+10:00,2026-08-01T16:20:00+10:00
ROWALLAN,Rowallan,NEM,TAS1,-41.729547,146.217649,ROWALLAN,ROWALLAN,hydro,operating,10.5,11,,12.3753,,2099-12-31T14:00:00+10:00,2009-07-01T00:05:00+10:00,2026-08-01T16:20:00+10:00
ROYALLA,Royalla,NEM,NSW1,-35.489826,149.142704,ROYALLA1,ROYALLA1,solar_utility,operating,20,20,,21.036,,2044-12-31T14:00:00+10:00,2016-04-23T07:00:00+10:00,2026-08-01T16:20:00+10:00
RUBICON,Rubicon,NEM,VIC1,-37.292453,145.818202,RUBICON,RUBICON,hydro,operating,13,13,,7.695,,2056-12-31T14:00:00+10:00,2010-03-04T16:00:00+10:00,2026-08-01T16:20:00+10:00
RUGBYR,Rugby Run,NEM,QLD1,-22.142401,147.928736,RUGBYR1,RUGBYR1,solar_utility,operating,83,65,,65.8412,,2048-12-31T14:00:00+10:00,2019-05-28T11:10:00+10:00,2026-08-01T16:20:00+10:00
RYANCWF,Ryan Corner,NEM,VIC1,-38.271156,142.14003,RYANCWF1,RYANCWF1,wind,operating,218.4,205,,207.7135,,2053-12-31T14:00:00+10:00,2024-07-30T03:25:00+10:00,2026-08-01T16:20:00+10:00
RYEPARK,Rye Park,NEM,NSW1,-34.63317,148.95364,RYEPARK1,RYEPARK1,wind,operating,396,384,,384.9511,,2047-12-31T14:00:00+10:00,2023-08-18T09:40:00+10:00,2026-08-01T16:20:00+10:00
SALTCRK,Salt Creek,NEM,VIC1,-37.930719,142.773524,SALTCRK1,SALTCRK1,wind,operating,54,54,,53.39,,2042-12-31T14:00:00+10:00,2018-06-06T16:50:00+10:00,2026-08-01T16:20:00+10:00
SAPHWF1,Sapphire,NEM,NSW1,-29.710273,151.44558,SAPHWF1,SAPHWF1,wind,operating,270,270,,263.9643,,2042-12-31T14:00:00+10:00,2018-02-01T18:30:00+10:00,2026-08-01T16:20:00+10:00
SEBSF,Sebastopol,NEM,NSW1,-34.609386,147.557888,SEBSF1,SEBSF1,solar_utility,operating,110,90,,91.8719,,2051-12-31T14:00:00+08:00,2021-11-03T07:30:00+08:00,2026-08-01T16:20:00+08:00
SHEP1,Shepparton,NEM,VIC1,-36.322223,145.379291,SHEP1,SHEP1,bioenergy_biogas,operating,1.1,1,,,,2037-12-31T14:00:00Z,,
SHOALHAV,Shoalhaven,NEM,NSW1,-34.733085,150.4667,SHPUMP,SHPUMP,pumps,operating,240,240,,245.9943,,2068-12-31T14:00:00+10:00,1998-12-09T05:05:00+10:00,2026-08-01T16:20:00+10:00
SHOALHAV,Shoalhaven,NEM,NSW1,-34.733085,150.4667,SHGEN,SHGEN,hydro,operating,240,247,9680,254.09,,2068-12-31T14:00:00+10:00,1998-12-07T11:45:00+10:00,2026-07-31T20:35:00+10:00
SHOAL,Shoalhaven Starches,NEM,NSW1,-34.8547,150.6138,SHOAL1,SHOAL1,gas_ocgt,operating,54,54,,50.52,,2049-12-31T14:00:00+10:00,2023-10-17T00:05:00+10:00,2026-08-01T16:20:00+10:00
STWF,Silverton,NEM,NSW1,-31.86095,141.296349,STWF1,STWF1,wind,operating,198.94,198,,197.4375,,2042-12-31T14:00:00+10:00,2018-05-15T09:00:00+10:00,2026-08-01T15:15:00+10:00
SITHE,Smithfield,NEM,NSW1,-33.849945,150.94941,SITHE01,SITHE01,gas_ocgt,operating,125,125,,240,,2043-12-31T14:00:00+10:00,1998-12-07T02:50:00+10:00,2026-07-31T08:10:00+10:00
SMTHBES1,Smithfield,NEM,NSW1,-33.849972,150.947448,SMTHBES1,SMTHBES1,battery,operating,69.4,65,130,65.5332,,2039-12-31T14:00:00+10:00,2025-09-09T09:45:00+10:00,2026-08-01T16:20:00+10:00
SNAPPER,Snapper Point,NEM,SA1,-34.764433,138.508149,SNAPPER1,SNAPPER1,gas_ocgt,operating,154,150,,155.39,,2045-12-31T14:00:00+10:00,2022-01-19T07:15:00+10:00,2026-07-31T08:15:00+10:00
SNOWTOWN,Snowtown,NEM,SA1,-33.691598,138.166022,SNOWTWN1,SNOWTWN1,wind,operating,99,99,,99.67,,2032-12-31T14:00:00+10:00,2008-04-18T16:35:00+10:00,2026-08-01T16:05:00+10:00
SNOWNTH,Snowtown North,NEM,SA1,-33.756479,138.143043,SNOWNTH1,SNOWNTH1,wind,operating,144,144,,144,,2038-12-31T14:00:00+10:00,2014-02-10T16:30:00+10:00,2026-08-01T16:20:00+10:00
SNOWSTH,Snowtown South,NEM,SA1,-33.862624,138.130367,SNOWSTH1,SNOWSTH1,wind,operating,126,126,,126,,2038-12-31T14:00:00+10:00,2013-10-03T09:55:00+10:00,2026-08-01T16:20:00+10:00
SNUG,Snuggery,NEM,SA1,-37.664996,140.414686,SNUG1,SNUG1,distillate,operating,63,69,,69.0339,,2027-12-31T14:00:00+10:00,1998-12-07T09:25:00+10:00,2026-07-31T20:55:00+10:00
SNUG,Snuggery,NEM,SA1,-37.664996,140.414686,SNUGNL1,SNUGNL1,distillate,operating,21,21,,,,2027-12-31T14:00:00Z,,
AGLSOM,Somerton,NEM,VIC1,-37.631692,144.952802,AGLSOM,AGLSOM,gas_ocgt,operating,170,170,,173.8,,2032-12-31T14:00:00+10:00,2002-05-15T13:15:00+10:00,2026-07-31T22:10:00+10:00
SOUTH_CARDUP,South Cardup,WEM,WEM,-32.26642,116.019263,SOUTH_CARDUP,SOUTH_CARDUP,bioenergy_biogas,operating,4.16,4.16,,6.247,,,2013-12-17T08:00:00+10:00,2026-08-01T14:15:00+10:00
SKSF,South Keswick,NEM,NSW1,-32.272801,148.659285,SKSF1,SKSF1,solar_utility,operating,15,13,,,,2041-12-31T14:00:00Z,,
STABESS,Stanwell,NEM,QLD1,-23.513568,150.31811,STABESS1,STABESS1,battery,commissioning,317,300,1200,2.9946,,2046-12-31T14:00:00+10:00,2026-06-30T10:40:00+10:00,2026-07-17T15:05:00+10:00
STANWELL,Stanwell,NEM,QLD1,-23.507452,150.313355,STAN-2,STAN-2,coal_black,operating,365,385,,387.277,,2043-12-31T14:00:00+10:00,1998-12-07T02:50:00+10:00,2026-08-01T16:20:00+10:00
STANWELL,Stanwell,NEM,QLD1,-23.507452,150.313355,STAN-4,STAN-4,coal_black,operating,365,385,,401.6,,2045-12-31T14:00:00+10:00,1998-12-07T02:50:00+10:00,2026-08-01T16:20:00+10:00
STANWELL,Stanwell,NEM,QLD1,-23.507452,150.313355,STAN-1,STAN-1,coal_black,operating,365,385,,388.4947,,2042-12-31T14:00:00+10:00,1998-12-07T02:50:00+10:00,2026-08-01T16:20:00+10:00
STANWELL,Stanwell,NEM,QLD1,-23.507452,150.313355,STAN-3,STAN-3,coal_black,operating,365,385,,387.1232,,2044-12-31T14:00:00+10:00,1998-12-07T02:50:00+10:00,2026-05-29T13:05:00+10:00
STAPYLTON,Stapylton,NEM,QLD1,-27.736111,153.245931,STAPYLTON1,STAPYLTON1,bioenergy_biogas,operating,3,3,,,,2048-12-31T14:00:00Z,,
STARFHILL,Starfish Hill,NEM,SA1,-35.578983,138.139653,STARHLWF,STARHLWF,wind,operating,34.5,35,,35.49,,2032-12-31T14:00:00+10:00,2009-07-01T00:05:00+10:00,2026-08-01T16:20:00+10:00
STOCKYD,Stockyard Hill,NEM,VIC1,-37.53568,143.252548,STOCKYD1,STOCKYD1,wind,operating,531,511,,510.22,,2044-12-31T14:00:00+08:00,2021-07-08T00:05:00+08:00,2026-08-01T16:20:00+08:00
STUBSF,Stubbo,NEM,NSW1,-32.26254,149.589068,STUBSF2,STUBSF2,solar_utility,operating,248,198,,200.0214,,2072-12-31T14:00:00+10:00,2024-12-19T09:00:00+10:00,2026-08-01T16:20:00+10:00
STUBSF,Stubbo,NEM,NSW1,-32.26254,149.589068,STUBSF1,STUBSF1,solar_utility,operating,255,202,,204.5351,,2072-12-31T14:00:00+10:00,2024-12-19T09:00:00+10:00,2026-08-01T16:20:00+10:00
SMFBESS1,Summerfield 1,NEM,SA1,-34.9538,139.21502,SMFBESS1,SMFBESS1,battery,commissioning,153.65,120,480,40.97,,2045-12-31T14:00:00+10:00,2026-07-07T10:55:00+10:00,2026-07-30T11:25:00+10:00
SMFBESS2,Summerfield 2,NEM,SA1,-34.958457,139.2099,SMFBESS2,SMFBESS2,battery,commissioning,153.65,120,480,4.99,,2045-12-31T14:00:00+10:00,2026-07-06T14:05:00+10:00,2026-07-29T11:15:00+10:00
SMCSF,Sun Metals,NEM,QLD1,-19.332335,146.875929,SMCSF1,SMCSF1,solar_utility,operating,143,121,,121.825,,2041-12-31T14:00:00+08:00,2018-05-30T07:00:00+08:00,2026-08-01T16:20:00+08:00
SUNRSF1,Sunraysia,NEM,NSW1,-34.804891,143.491185,SUNRSF1,SUNRSF1,solar_utility,operating,228,200,,200.5781,,2048-12-31T14:00:00+10:00,2020-11-10T00:05:00+10:00,2026-08-01T16:20:00+10:00
VALDORA,Sunshine Coast,NEM,QLD1,-26.560094,153.02574,VALDORA1,VALDORA1,solar_utility,operating,15,15,,,,2049-12-31T14:00:00Z,,
SUNTPSF,Suntop,NEM,NSW1,-32.583514,148.826931,SUNTPSF1,SUNTPSF1,solar_utility,operating,175,150,,149.9785,,2055-12-31T14:00:00+10:00,2021-08-04T18:05:00+10:00,2026-08-01T16:20:00+10:00
SNB1,Supernode,NEM,QLD1,-27.458521,153.111745,SNB01,SNB01,battery,operating,337.4,260,545,260.3784,,2049-12-31T14:00:00+10:00,2025-10-17T12:35:00+10:00,2026-08-01T16:20:00+10:00
SNB02,Supernode 2,NEM,QLD1,-27.449227,153.112538,SNB02,SNB02,battery,operating,337.4,260,1090,263.7393,,2050-12-31T14:00:00+10:00,2026-02-27T14:20:00+10:00,2026-08-01T16:20:00+10:00
SRSF,Susan River,NEM,QLD1,-25.419331,152.741687,SRSF1,SRSF1,solar_utility,operating,85,75,,75.45,,2048-12-31T14:00:00+08:00,2018-12-28T13:40:00+08:00,2026-08-01T16:20:00+08:00
SWANBBF,Swanbank,NEM,QLD1,-27.65619,152.817139,SWANBBF1,SWANBBF1,battery,operating,331.2,250,500,250,,2044-12-31T14:00:00+10:00,2025-11-07T10:10:00+10:00,2026-08-01T16:20:00+10:00
SWAN_E,Swanbank E,NEM,QLD1,-27.655138,152.817933,SWAN_E,SWAN_E,gas_ccgt,operating,385,385,,545.23,,2035-12-31T14:00:00+10:00,2002-05-21T10:55:00+10:00,2026-08-01T16:20:00+10:00
TABMILL2,Tableland Mill,NEM,QLD1,-17.119813,145.34513,TABMILL2,TABMILL2,bioenergy_biomass,operating,24,17,,,,2039-12-31T14:00:00Z,,
TAHMOOR,Tahmoor,NEM,NSW1,-34.249117,150.577718,TAHMOOR1,TAHMOOR1,gas_wcmg,operating,7.04,7,,,,2034-12-31T14:00:00Z,,
TBSF,Tailem Bend,NEM,SA1,-35.271346,139.488379,TBSF1,TBSF1,solar_utility,operating,108,95,,103.7,,2048-12-31T14:00:00+10:00,2019-02-28T11:55:00+10:00,2026-08-01T16:20:00+10:00
TB2SF,Tailem Bend 2,NEM,SA1,-35.28,139.49,TB2SF1,TB2SF1,solar_utility,operating,105,87,,87.3688,,2052-12-31T14:00:00+10:00,2023-08-25T09:05:00+10:00,2026-08-01T16:20:00+10:00
TB2SF,Tailem Bend 2,NEM,SA1,-35.28,139.49,TB2B1,TB2B1,battery,operating,50,41,84,41.3285,,2047-12-31T14:00:00+10:00,2024-12-03T14:05:00+10:00,2026-08-01T16:20:00+10:00
TALLAWAR,Tallawarra,NEM,NSW1,-34.522808,150.807237,TALWA1,TALWA1,gas_ccgt,operating,440,480,,477.9776,,2042-12-31T14:00:00+10:00,2008-10-14T08:10:00+10:00,2026-07-20T22:50:00+10:00
TALWB,Tallawarra B,NEM,NSW1,-34.522808,150.807237,TALWB1,TALWB1,gas_ocgt,operating,320,320,,323.58,,2052-12-31T14:00:00+10:00,2024-01-24T09:15:00+10:00,2026-07-30T22:40:00+10:00
TAMALA_PARK,Tamala Park,WEM,WEM,-31.706198,115.725734,TAMALA_PARK,TAMALA_PARK,bioenergy_biogas,operating,6,6,,5.521,,,2013-12-17T08:00:00+10:00,2026-08-01T14:15:00+10:00
TVCCPS,Tamar Valley,NEM,TAS1,-41.140348,146.904872,TVCC201,TVCC201,gas_ccgt,operating,208.6,208,,220.47,,2049-12-31T14:00:00+10:00,2009-06-27T15:25:00+10:00,2026-08-01T16:20:00+10:00
TARALGA,Taralga,NEM,NSW1,-34.431428,149.865258,TARALGA1,TARALGA1,wind,operating,106.8,106,,110.8116,,2041-12-31T14:00:00+08:00,2014-12-22T16:35:00+08:00,2026-08-01T16:20:00+08:00
TARBESS,Tarong,NEM,QLD1,-26.780561,151.910086,TARBESS1,TARBESS1,battery,operating,393,300,600,303.747,,2044-12-31T14:00:00+10:00,2025-06-12T09:00:00+10:00,2026-08-01T16:20:00+10:00
TARONG,Tarong,NEM,QLD1,-26.784086,151.914537,TARONG#1,TARONG#1,coal_black,operating,350,385,,386.5,,2035-12-31T14:00:00+10:00,1998-12-07T02:50:00+10:00,2026-08-01T16:20:00+10:00
TARONG,Tarong,NEM,QLD1,-26.784086,151.914537,TARONG#2,TARONG#2,coal_black,operating,350,385,,387,,2035-12-31T14:00:00+10:00,1998-12-07T02:50:00+10:00,2026-08-01T16:20:00+10:00
TARONG,Tarong,NEM,QLD1,-26.784086,151.914537,TARONG#3,TARONG#3,coal_black,operating,350,385,,386,,2036-12-31T14:00:00+10:00,1998-12-07T02:50:00+10:00,2026-08-01T16:20:00+10:00
TARONG,Tarong,NEM,QLD1,-26.784086,151.914537,TARONG#4,TARONG#4,coal_black,operating,350,385,,381.1,,2036-12-31T14:00:00+10:00,1998-12-07T02:50:00+10:00,2026-08-01T16:20:00+10:00
TARONGN,Tarong North,NEM,QLD1,-26.774391,151.914007,TNPS1,TNPS1,coal_black,operating,443,480,,484.3,,2036-12-31T14:00:00+10:00,2002-11-09T13:15:00+10:00,2026-08-01T16:20:00+10:00
TARRALEA,Tarraleah,NEM,TAS1,-42.301224,146.457294,TARRALEA,TARRALEA,hydro,operating,90,94,,127.2,,2099-12-31T14:00:00+10:00,2005-05-16T13:35:00+10:00,2026-08-01T16:20:00+10:00
TATIARA,Tataria,NEM,SA1,-36.326977,140.737035,TATIARA1,TATIARA1,distillate,operating,0.5,1,,,,,,
TATURA,Tatura,NEM,VIC1,-36.47915,145.235037,TATURA01,TATURA01,bioenergy_biogas,operating,1.1,1,,,,2037-12-31T14:00:00Z,,
TEMPB,Templers,NEM,SA1,-34.46293,138.764848,TEMPB1,TEMPB1,battery,operating,138,111,285,111.1,,2048-12-31T14:00:00+10:00,2025-05-20T08:35:00+10:00,2026-07-13T17:20:00+10:00
TRGBESS,Terang,NEM,VIC1,-38.231839,142.933262,TRGBESS1,TRGBESS1,battery,operating,100,100,200,100.09,,2055-12-31T14:00:00+10:00,2026-02-12T15:05:00+10:00,2026-07-30T21:55:00+10:00
BLUFF,The Bluff,NEM,SA1,-33.367741,138.79379,BLUFF1,BLUFF1,wind,operating,52.5,53,,53.3,,2035-12-31T14:00:00+08:00,2011-07-05T15:50:00+08:00,2026-08-01T14:25:00+08:00
THEDROP,The Drop,NEM,NSW1,-35.973527,145.999274,THEDROP1,THEDROP1,hydro,operating,2.5,3,,,,2052-12-31T14:00:00Z,,
TIMWEST,Timboon West,NEM,VIC1,-38.528351,142.916231,TIMWEST,TIMWEST,wind,operating,7.2,7.2,,,,2047-12-31T14:00:00Z,,
TOORAWF,Toora,NEM,VIC1,-38.653258,146.340154,TOORAWF,TOORAWF,wind,operating,21,21,,,,2031-12-31T14:00:00Z,,
TIB,Torrens Island,NEM,SA1,-34.802305,138.520262,TIB1,TIB1,battery,operating,250,250,250,251.23,,2042-12-31T14:00:00+10:00,2024-08-08T04:15:00+10:00,2026-08-01T16:15:00+10:00
TORRIS,Torrens Island,NEM,SA1,-34.80651,138.523127,TORRB2,TORRB2,gas_steam,operating,200,210,,215.95,,2028-06-29T14:00:00+10:00,1998-12-09T05:40:00+10:00,2026-08-01T16:20:00+10:00
TORRIS,Torrens Island,NEM,SA1,-34.80651,138.523127,TORRB4,TORRB4,gas_steam,operating,200,210,,213.5153,,2028-06-29T14:00:00+10:00,1998-12-07T02:50:00+10:00,2026-07-27T10:10:00+10:00
TORRIS,Torrens Island,NEM,SA1,-34.80651,138.523127,TORRB3,TORRB3,gas_steam,operating,200,210,,213.18,,2028-06-29T14:00:00+10:00,1998-12-07T02:50:00+10:00,2026-08-01T00:40:00+10:00
TORRIS,Torrens Island,NEM,SA1,-34.80651,138.523127,TORRB1,TORRB1,gas_steam,operating,200,210,,220.1,,2026-06-29T14:00:00+10:00,1998-12-08T05:40:00+10:00,2021-12-07T11:15:00+10:00
TOWER,Tower,NEM,NSW1,-34.219461,150.718012,TOWER,TOWER,gas_wcmg,operating,41.2,41,,,,2035-12-31T14:00:00Z,,
YABULU,Townsville,NEM,QLD1,-19.20127,146.618573,YABULU,YABULU,gas_ccgt,operating,160,174,,174.78,,2045-12-31T14:00:00+10:00,1998-12-16T19:35:00+10:00,2026-07-09T20:50:00+10:00
YABULU,Townsville,NEM,QLD1,-19.20127,146.618573,YABULU2,YABULU2,gas_ccgt,operating,82,84,,85.37,,2045-12-31T14:00:00+10:00,2004-12-08T18:10:00+10:00,2025-01-05T15:15:00+10:00
TGNSS,Traralgon Network Support,NEM,VIC1,-37.833513,144.965955,TGNSS1,TGNSS1,gas_recip,operating,10,10,,,,2049-12-31T14:00:00Z,,
TREVALLN,Trevallyn,NEM,TAS1,-41.42262,147.111785,TREVALLN,TREVALLN,hydro,operating,93,107,,101.843,,2099-12-31T14:00:00+10:00,2005-05-16T17:40:00+10:00,2026-08-01T09:15:00+10:00
TRIBUTE,Tribute,NEM,TAS1,-41.815832,145.650178,TRIBUTE,TRIBUTE,hydro,operating,82.8,92,,93.63,,2099-12-31T14:00:00+10:00,2005-05-17T07:20:00+10:00,2026-08-01T16:20:00+10:00
TRIBUTE,Tribute,NEM,TAS1,-41.815832,145.650178,TRIBNL1,TRIBNL1,hydro,operating,25,,,,,2099-12-31T14:00:00Z,,
TULLYSM,Tully Sugar Mill,NEM,QLD1,-17.937329,145.92739,TULLYSM1,TULLYSM1,bioenergy_biomass,operating,32,10,,11.8,,2049-12-31T14:00:00+10:00,2024-08-27T00:05:00+10:00,2026-08-01T16:20:00+10:00
SNOWY2,Tumut,NEM,NSW1,-35.952003,148.367255,UPPTUMUT,UPPTUMUT,hydro,operating,616,665,,674.9154,,2069-12-31T14:00:00+10:00,2001-07-15T00:35:00+10:00,2026-08-01T16:20:00+10:00
TUMUT3,Tumut 3,NEM,NSW1,-35.611138,148.29175,TUMUT3,TUMUT3,hydro,operating,1500,1800,,1804.0284,,2069-12-31T14:00:00+10:00,2001-07-16T07:45:00+10:00,2026-07-31T20:10:00+10:00
TUMUT3,Tumut 3,NEM,NSW1,-35.611138,148.29175,SNOWYP,SNOWYP,pumps,operating,600,600,,625.2,,2069-12-31T14:00:00+10:00,1998-12-09T18:15:00+10:00,2026-07-30T15:50:00+10:00
TUNGATIN,Tungatinah,NEM,TAS1,-42.296802,146.456568,TUNGATIN,TUNGATIN,hydro,operating,125,142,,144.58,,2099-12-31T14:00:00+10:00,2005-05-16T13:35:00+10:00,2026-08-01T16:20:00+10:00
ULBESS,Ulinda Park,NEM,QLD1,-26.92635,150.717472,ULPBESS1,ULPBESS1,battery,operating,197,155,300,155.341,,2064-12-31T14:00:00+10:00,2025-06-17T09:30:00+10:00,2026-08-01T16:20:00+10:00
URANQ,Uranquinty,NEM,NSW1,-35.180061,147.21567,URANQ14,URANQ14,gas_ocgt,operating,166,173,,174.0352,,2048-12-31T14:00:00+10:00,2008-10-27T20:15:00+10:00,2026-07-30T22:45:00+10:00
URANQ,Uranquinty,NEM,NSW1,-35.180061,147.21567,URANQ12,URANQ12,gas_ocgt,operating,166,173,,173.9803,,2048-12-31T14:00:00+10:00,2008-10-27T19:55:00+10:00,2026-07-30T23:50:00+10:00
URANQ,Uranquinty,NEM,NSW1,-35.180061,147.21567,URANQ11,URANQ11,gas_ocgt,operating,166,173,,174.023,,2048-12-31T14:00:00+10:00,2008-10-27T19:50:00+10:00,2026-07-30T23:35:00+10:00
URANQ,Uranquinty,NEM,NSW1,-35.180061,147.21567,URANQ13,URANQ13,gas_ocgt,operating,166,173,,173.8766,,2048-12-31T14:00:00+10:00,2008-10-27T19:50:00+10:00,2026-07-31T08:40:00+10:00
VP,Vales Point B,NEM,NSW1,-33.16078,151.543985,VP5,VP5,coal_black,operating,660,680,,690.22,,2032-12-31T14:00:00+10:00,1999-01-22T09:55:00+10:00,2026-08-01T16:20:00+10:00
VP,Vales Point B,NEM,NSW1,-33.16078,151.543985,VP6,VP6,coal_black,operating,660,680,,710.75,,2032-12-31T14:00:00+10:00,1998-12-07T02:50:00+10:00,2026-08-01T16:20:00+10:00
VPGS,Valley Power Peaking,NEM,VIC1,-38.253709,146.588886,VPGS6,VPGS6,gas_ocgt,operating,50,60,,57,,2069-12-31T14:00:00+10:00,2002-05-16T15:25:00+10:00,2026-07-08T10:05:00+10:00
VPGS,Valley Power Peaking,NEM,VIC1,-38.253709,146.588886,VPGS4,VPGS4,gas_ocgt,operating,50,60,,61.25,,2069-12-31T14:00:00+10:00,2002-05-16T11:40:00+10:00,2026-07-08T10:00:00+10:00
VPGS,Valley Power Peaking,NEM,VIC1,-38.253709,146.588886,VPGS2,VPGS2,gas_ocgt,operating,50,60,,68.75,,2069-12-31T14:00:00+10:00,2002-05-16T13:05:00+10:00,2026-07-08T09:55:00+10:00
VPGS,Valley Power Peaking,NEM,VIC1,-38.253709,146.588886,VPGS3,VPGS3,gas_ocgt,operating,50,60,,67.4,,2069-12-31T14:00:00+10:00,2002-05-16T13:05:00+10:00,2026-07-23T08:10:00+10:00
VPGS,Valley Power Peaking,NEM,VIC1,-38.253709,146.588886,VPGS5,VPGS5,gas_ocgt,operating,50,60,,63.55,,2069-12-31T14:00:00+10:00,2002-05-16T13:05:00+10:00,2026-07-08T10:05:00+10:00
VPGS,Valley Power Peaking,NEM,VIC1,-38.253709,146.588886,VPGS1,VPGS1,gas_ocgt,operating,50,60,,67.45,,2069-12-31T14:00:00+10:00,2002-05-15T18:10:00+10:00,2026-07-30T14:20:00+10:00
TITREE,Veolia Ti Tree,NEM,QLD1,-27.695551,152.650313,TITREE,TITREE,bioenergy_biogas,operating,2,2,,,,2071-12-31T14:00:00Z,,
VICMILL,Victoria Mill,NEM,QLD1,-18.650208,146.200866,VICMILL1,VICMILL1,bioenergy_biomass,operating,24,24,,,,2039-12-31T14:00:00Z,,
VBB,Victorian Big Battery,NEM,VIC1,-38.038278,144.290383,VBB1,VBB1,battery,operating,360,300,450,300.9,,2040-12-31T14:00:00+10:00,2024-10-02T13:10:00+10:00,2026-08-01T16:20:00+10:00
ALCOA_WGP,Wagerup,WEM,WEM,-32.91546,115.917892,ALINTA_WGP_U2,ALINTA_WGP_U2,gas_ocgt,operating,196.85,196.85,,212.2134,,2046-11-30T16:00:00+08:00,2014-02-24T10:30:00+08:00,2026-07-27T10:10:00+08:00
ALCOA_WGP,Wagerup,WEM,WEM,-32.91546,115.917892,ALCOA_WGP,ALCOA_WGP,gas_ocgt,operating,26,26,,28.436,,2048-10-31T16:00:00+08:00,2013-12-17T08:00:00+08:00,2026-07-31T21:20:00+08:00
ALCOA_WGP,Wagerup,WEM,WEM,-32.91546,115.917892,ALINTA_WGP_GT,ALINTA_WGP_GT,gas_ocgt,operating,195.15,195.15,,212.5834,,2046-11-30T16:00:00+08:00,2014-01-11T14:30:00+08:00,2026-08-01T13:10:00+08:00
ALINTA_WGP_ESR,Wagerup,WEM,WEM,-32.918167,115.916584,ALINTA_WGP_ESR1,ALINTA_WGP_ESR1,battery,commissioning,100,100,200,6.4,,,2026-07-25T13:35:00+08:00,2026-08-01T14:15:00+08:00
WAGGNSF,Wagga North,NEM,NSW1,-35.070575,147.438807,WAGGNSF1,WAGGNSF1,solar_utility,operating,55,48,,57.2799,,2049-12-31T14:00:00+10:00,2021-08-03T18:00:00+10:00,2026-08-01T16:20:00+10:00
ALINTA_WWF,Walkaway,WEM,WEM,-28.902492,114.892717,ALINTA_WWF,ALINTA_WWF,wind,operating,89.1,89.1,,88.1,,2043-12-31T16:00:00+08:00,2013-12-17T08:00:00+08:00,2026-08-01T14:15:00+08:00
WLWLSF,Walla Walla,NEM,NSW1,-35.747397,146.96666,WLWLSF2,WLWLSF2,solar_utility,operating,201.6,150,,152.8084,,2053-12-31T14:00:00+10:00,2024-10-28T09:15:00+10:00,2026-08-01T16:20:00+10:00
WLWLSF,Walla Walla,NEM,NSW1,-35.747397,146.96666,WLWLSF1,WLWLSF1,solar_utility,operating,201.6,150,,153.0282,,2053-12-31T14:00:00+10:00,2024-10-21T17:25:00+10:00,2026-08-01T16:20:00+10:00
WALGRV,Wallgrove,NEM,NSW1,-33.813917,150.830827,WALGRV1,WALGRV1,battery,operating,50,50,78,51.0293,,2035-12-31T14:00:00+10:00,2024-10-08T11:05:00+10:00,2026-08-01T16:20:00+10:00
PRDSO_WALPOLE,Walpole,WEM,WEM,-34.988023,116.722925,PRDSO_WALPOLE_HG1,PRDSO_WALPOLE_HG1,hydro,operating,1.5,1.5,30,10.296,,,2025-03-04T12:25:00+10:00,2026-08-01T14:15:00+10:00
WAMBOWF,Wambo,NEM,QLD1,-26.603045,151.246876,WAMBOWF1,WAMBOWF1,wind,operating,252,245,,245.398,,2054-12-31T14:00:00+10:00,2025-06-21T11:25:00+10:00,2026-07-29T08:45:00+10:00
WAMBOWF,Wambo,NEM,QLD1,-26.603045,151.246876,WAMBOWF2,WAMBOWF2,wind,commissioning,254,247,,75.526,,,2026-04-28T00:05:00+10:00,2026-08-01T16:20:00+10:00
WANDSF,Wandoan,NEM,QLD1,-26.248848,149.765988,WANDSF1,WANDSF1,solar_utility,operating,159,125,,136.263,,2052-12-31T14:00:00+10:00,2023-05-25T12:05:00+10:00,2026-08-01T16:20:00+10:00
WANDBG,Wandoan South,NEM,QLD1,-26.261526,149.765738,WANDB1,WANDB1,battery,operating,123,100,150,100.4452,,2050-12-31T14:00:00+10:00,2024-08-08T05:00:00+10:00,2026-08-01T16:20:00+10:00
WNSF,Wangaratta,NEM,VIC1,-36.326757,146.359901,WNSF1,WNSF1,solar_utility,operating,26.4,22,,23.35,,,2025-08-02T07:15:00+10:00,2026-08-01T16:20:00+10:00
WTAHB,Waratah Super Battery,NEM,NSW1,-33.209781,151.544911,WTAHB1,WTAHB1,battery,operating,1095.84,850,1680,855.6267,,2064-12-31T14:00:00+10:00,2024-09-03T00:05:00+10:00,2026-08-01T16:20:00+10:00
WARRADARGE,Warradarge,WEM,WEM,-29.942809,115.470459,WARRADARGE_WF1,WARRADARGE_WF1,wind,operating,180,180,,178.8836,,2049-12-31T16:00:00+10:00,2020-08-05T11:00:00+10:00,2026-08-01T14:15:00+10:00
WARWSF,Warwick,NEM,QLD1,-28.183037,152.071764,WARWSF2,WARWSF2,solar_utility,operating,39,32,,32.7,,2044-12-31T14:00:00+08:00,2020-09-22T08:25:00+08:00,2026-08-01T16:20:00+08:00
WARWSF,Warwick,NEM,QLD1,-28.183037,152.071764,WARWSF1,WARWSF1,solar_utility,operating,39,32,,32.89,,2045-12-31T14:00:00+08:00,2020-09-22T08:35:00+08:00,2026-08-01T16:20:00+08:00
WATERLWF,Waterloo,NEM,SA1,-34.001298,138.91088,WATERLWF,WATERLWF,wind,operating,130.8,130,,135,,2050-12-31T14:00:00+10:00,2010-08-20T00:05:00+10:00,2026-08-01T16:20:00+10:00
WPWF,Wattle Point,NEM,SA1,-35.110379,137.705789,WPWF,WPWF,wind,operating,91,91,,133.12,,2030-12-31T14:00:00+10:00,2009-07-01T00:05:00+10:00,2026-08-01T16:20:00+10:00
WAUBRAWF,Waubra,NEM,VIC1,-37.357446,143.603659,WAUBRAWF,WAUBRAWF,wind,operating,192,192,,187.689,,2033-12-31T14:00:00+10:00,2009-07-01T00:05:00+10:00,2026-08-01T16:20:00+10:00
WELLSF1,Wellington,NEM,NSW1,-32.5207,148.9675,WELLSF1,WELLSF1,solar_utility,operating,216,170,,173.6637,,2050-12-31T14:00:00+10:00,2020-11-14T14:35:00+10:00,2026-08-01T16:20:00+10:00
WELNSF,Wellington North,NEM,NSW1,-32.514353,148.957634,WELNSF1,WELNSF1,solar_utility,operating,436,330,,332.0469,,2063-12-31T14:00:00+10:00,2024-05-21T15:25:00+10:00,2026-08-01T16:20:00+10:00
WEMENSF1,Wemen,NEM,VIC1,-34.799853,142.547621,WEMENSF1,WEMENSF1,solar_utility,operating,97,88,,89.4,,2048-12-31T14:00:00+10:00,2018-11-07T12:30:00+10:00,2026-08-01T16:20:00+10:00
BLAIRFOX_WESTHILLS,West Hills,WEM,WEM,-30.858103,115.463261,BLAIRFOX_WESTHILLS_WF3,BLAIRFOX_WESTHILLS_WF3,wind,operating,5,5,,5.133,,2028-12-31T16:00:00+08:00,2013-12-18T12:00:00+08:00,2026-08-01T05:00:00+08:00
WESTILLA,West Illawarra Leagues Club,NEM,NSW1,-34.451645,150.843037,WESTILL1,WESTILL1,distillate,operating,1,1,,,,2049-12-31T14:00:00Z,,
WEST_KALGOORLIE,West Kalgoorlie,WEM,WEM,-30.780403,121.421519,WEST_KALGOORLIE_GT2,WEST_KALGOORLIE_GT2,distillate,operating,41.2,41.2,,43.936,,2025-12-31T16:00:00+10:00,2014-01-09T08:00:00+10:00,2026-08-01T07:55:00+10:00
WEST_KALGOORLIE,West Kalgoorlie,WEM,WEM,-30.780403,121.421519,WEST_KALGOORLIE_GT3,WEST_KALGOORLIE_GT3,distillate,operating,23.3,23.3,,24.23,,,2014-01-09T09:00:00+10:00,2026-08-01T07:55:00+10:00
WKIEWA,West Kiewa,NEM,VIC1,-36.759974,147.185812,WKIEWA1,WKIEWA1,hydro,operating,31,34,,62.6,,2056-12-31T14:00:00+10:00,1998-12-07T06:35:00+10:00,2026-08-01T16:20:00+10:00
WKIEWA,West Kiewa,NEM,VIC1,-36.759974,147.185812,WKIEWA2,WKIEWA2,hydro,operating,31,34,,57.45,,2056-12-31T14:00:00+10:00,1998-12-07T06:35:00+10:00,2026-06-30T00:00:00+10:00
WSTWYSF,West Wyalong,NEM,NSW1,-33.809655,147.325015,WSTWYSF1,WSTWYSF1,solar_utility,operating,105,90,,93.4707,,2057-12-31T14:00:00+10:00,2022-09-27T00:05:00+10:00,2026-08-01T16:20:00+10:00
WDBESS,Western Downs,NEM,QLD1,-26.952278,150.690528,WDBESS1,WDBESS1,battery,operating,272.48,255,510,256.5712,,2047-12-31T14:00:00+10:00,2024-11-26T13:10:00+10:00,2026-08-01T16:20:00+10:00
WDGPH,Western Downs,NEM,QLD1,-26.955534,150.67862,WDGPH1,WDGPH1,solar_utility,operating,501,400,,401.391,,2045-12-31T14:00:00+10:00,2022-02-15T13:10:00+10:00,2026-08-01T16:20:00+10:00
WDBESS2,Western Downs 2,NEM,QLD1,-26.951989,150.694141,WDBESS2,WDBESS2,battery,operating,269.8,255,510,256.7227,,2047-12-31T14:00:00+10:00,2025-09-29T13:05:00+10:00,2026-08-01T16:20:00+10:00
WRSF1,White Rock Solar Farm,NEM,NSW1,-29.764429,151.553007,WRSF1,WRSF1,solar_utility,operating,22,20,,20.6195,,2042-12-31T14:00:00+10:00,2018-10-05T13:35:00+10:00,2026-08-01T16:20:00+10:00
WRWF1,White Rock Wind Farm,NEM,NSW1,-29.7718,151.5755,WRWF1,WRWF1,wind,operating,175,172,,172.35,,2037-12-31T14:00:00+10:00,2017-07-08T09:55:00+10:00,2026-08-01T16:20:00+10:00
WHITSF,Whitsunday,NEM,QLD1,-20.492712,147.756358,WHITSF1,WHITSF1,solar_utility,operating,57.5,56,,56.6,,2047-12-31T14:00:00+10:00,2018-07-11T13:55:00+10:00,2026-08-01T16:20:00+10:00
WHIT1,Whitwood Road,NEM,QLD1,-27.620454,152.824409,WHIT1,WHIT1,bioenergy_biogas,operating,1,1,,,,2051-12-31T14:00:00Z,,
WILGAPK,Wilga Park,NEM,NSW1,-30.363284,149.677422,WILGAPK,WILGAPK,gas_recip,operating,10,10,,,,,,
WILGAPKB,Wilga Park B,NEM,NSW1,-30.363284,149.677422,WILGB01,WILGB01,gas_recip,operating,12,12,,,,,,
WILLHOV,William Hovel,NEM,VIC1,-36.925216,146.389418,WILLHOV1,WILLHOV1,hydro,operating,1.5,2,,,,2043-12-31T14:00:00Z,,
WILLBES,Williamsdale,NEM,NSW1,-35.57458,149.131993,WILLBES1,WILLBES1,battery,commissioning,262,250,500,5.0458,,2045-12-31T14:00:00+10:00,2026-07-22T11:25:00+10:00,2026-07-31T17:00:00+10:00
WGWF,Willogoleche,NEM,SA1,-33.413128,138.845663,WGWF1,WGWF1,wind,operating,119,119,,122.4,,2042-12-31T14:00:00+08:00,2018-08-29T14:40:00+08:00,2026-08-01T16:20:00+08:00
WINDHILL,Windy Hill,NEM,QLD1,-17.590399,145.52968,WHILL1,WHILL1,wind,operating,12,12,,,,2029-12-31T14:00:00Z,,
WINGF1,Wingfield,NEM,SA1,-34.835138,138.548949,WINGF1_1,WINGF1_1,bioenergy_biogas,operating,4.12,5,,,,2034-12-31T14:00:00Z,,
WINGF2,Wingfield 2,NEM,SA1,-34.835138,138.548949,WINGF2_1,WINGF2_1,bioenergy_biogas,operating,4.12,5,,,,2029-12-31T14:00:00Z,,
WINTSF1,Winton,NEM,VIC1,-36.503538,146.124102,WINTSF1,WINTSF1,solar_utility,operating,107,85,,85.7,,2050-12-31T14:00:00+10:00,2021-03-30T04:15:00+10:00,2026-08-01T16:20:00+10:00
WIVENHOE,Wivenhoe,NEM,QLD1,-27.372417,152.63203,W/HOE#2,W/HOE#2,hydro,operating,285,285,3000,311.6,,2083-12-31T14:00:00+10:00,1998-12-15T10:45:00+10:00,2026-07-31T20:40:00+10:00
WIVENHOE,Wivenhoe,NEM,QLD1,-27.372417,152.63203,PUMP2,PUMP2,pumps,operating,240,245,,280.99,,2083-12-31T14:00:00+10:00,1998-12-29T03:35:00+10:00,2026-08-01T15:50:00+10:00
WIVENHOE,Wivenhoe,NEM,QLD1,-27.372417,152.63203,W/HOE#1,W/HOE#1,hydro,operating,285,285,3000,312.8,,2083-12-31T14:00:00+10:00,1998-12-17T15:35:00+10:00,2026-05-05T06:05:00+10:00
WIVENHOE,Wivenhoe,NEM,QLD1,-27.372417,152.63203,PUMP1,PUMP1,pumps,operating,240,245,,282.85,,2083-12-31T14:00:00+10:00,1998-12-20T03:45:00+10:00,2026-05-04T15:05:00+10:00
WOLARSF,Wollar,NEM,NSW1,-32.407631,149.940737,WOLARSF1,WOLARSF1,solar_utility,operating,324,280,,280.9805,,2053-12-31T14:00:00+10:00,2025-01-28T09:35:00+10:00,2026-08-01T16:20:00+10:00
WOLLERT,Wollert,NEM,VIC1,-37.591792,145.043033,WOLLERT1,WOLLERT1,bioenergy_biogas,operating,7,7,,,,2043-12-31T14:00:00Z,,
WONWP,Wonthaggi,NEM,VIC1,-38.60513,145.546292,WONWP,WONWP,wind,operating,12,12,,,,2039-12-31T14:00:00Z,,
WDLNGN,Woodlawn,NEM,NSW1,-35.05928,149.5749,WDLNGN01,WDLNGN01,bioenergy_biogas,operating,7,7,,,,2099-12-31T14:00:00Z,,
WOODLWN,Woodlawn,NEM,NSW1,-35.081675,149.570511,WOODLWN1,WOODLWN1,wind,operating,48.3,48,,53.1584,,2040-12-31T14:00:00+10:00,2011-06-01T10:15:00+10:00,2026-08-01T06:30:00+10:00
WOOLNTH1,Woolnorth,NEM,TAS1,-40.786606,144.738536,WOOLNTH1,WOOLNTH1,wind,operating,140,140,,240.44,,2049-12-31T14:00:00+10:00,2009-07-01T00:05:00+10:00,2026-08-01T16:20:00+10:00
WOOLGSF,Woolooga,NEM,QLD1,-26.075843,152.437448,WOOLGSF1,WOOLGSF1,solar_utility,operating,222.5,176,,177.5,,2057-12-31T14:00:00+10:00,2022-05-24T00:05:00+10:00,2026-08-01T16:20:00+10:00
WOOLGSF,Woolooga,NEM,QLD1,-26.075843,152.437448,WOOLES1,WOOLES1,battery,operating,280,222,593,107.348,,2050-12-31T14:00:00+10:00,2026-05-26T15:25:00+10:00,2026-07-31T15:55:00+10:00
WUNUSF,Wunghnu,NEM,VIC1,-36.164387,145.403731,WUNUSF1,WUNUSF1,solar_utility,operating,93.5,75,,116,,2064-12-31T14:00:00+10:00,2024-11-19T05:40:00+10:00,2026-08-01T16:20:00+10:00
WYASF,Wyalong,NEM,NSW1,-33.887269,147.315314,WYASF1,WYASF1,solar_utility,operating,62.32,53,,53.189,,2052-12-31T14:00:00+10:00,2023-08-01T11:10:00+10:00,2026-08-01T16:20:00+10:00
WYANGALA,Wyangala A,NEM,NSW1,-33.968824,148.948823,WYANGALA,WYANGALA,hydro,operating,20,20,,,,,,
WYANGALB,Wyangala B,NEM,NSW1,-33.968824,148.948823,WYANGALB,WYANGALB,hydro,operating,4,4,,,,,,
YALLOURN,Yallourn W,NEM,VIC1,-38.177589,146.342556,YWPS3,YWPS3,coal_brown,operating,380,405,,420.0785,,2028-06-30T14:00:00+10:00,1998-12-07T02:50:00+10:00,2026-08-01T16:20:00+10:00
YALLOURN,Yallourn W,NEM,VIC1,-38.177589,146.342556,YWPS2,YWPS2,coal_brown,operating,360,395,,396.9924,,2028-06-30T14:00:00+10:00,1998-12-07T02:50:00+10:00,2026-08-01T16:20:00+10:00
YALLOURN,Yallourn W,NEM,VIC1,-38.177589,146.342556,YWPS1,YWPS1,coal_brown,operating,360,395,,400,,2028-06-30T14:00:00+10:00,1998-12-07T02:50:00+10:00,2026-08-01T16:20:00+10:00
YALLOURN,Yallourn W,NEM,VIC1,-38.177589,146.342556,YWPS4,YWPS4,coal_brown,operating,380,405,,416.1266,,2028-06-30T14:00:00+10:00,1998-12-07T02:50:00+10:00,2026-08-01T16:20:00+10:00
YSWF,Yaloak South,NEM,VIC1,-37.716474,144.241947,YSWF1,YSWF1,wind,operating,28.7,28,,29.2,,2046-12-31T14:00:00+10:00,2017-12-19T21:15:00+10:00,2026-08-01T16:20:00+10:00
YAMBUK,Yambuk,NEM,VIC1,-38.305278,142.018439,YAMBUKWF,YAMBUKWF,wind,operating,30,30,,37.9539,,2030-12-31T14:00:00+10:00,2009-07-01T00:05:00+10:00,2026-08-01T16:20:00+10:00
YANDIN,Yandin,WEM,WEM,-30.680971,115.694249,YANDIN_WF1,YANDIN_WF1,wind,operating,214,214,,211.7,,2044-12-31T16:00:00+10:00,2020-07-13T07:00:00+10:00,2026-08-01T14:15:00+10:00
YARANSF,Yarranlea,NEM,QLD1,-27.709261,151.533038,YARANSF1,YARANSF1,solar_utility,operating,121,103,,102.09,,2043-12-31T14:00:00+08:00,2020-01-07T08:05:00+08:00,2026-08-01T16:20:00+08:00
YWNGAHYD,Yarrawonga,NEM,VIC1,-36.009466,145.999568,YWNGAHYD,YWNGAHYD,hydro,operating,9,9,,,,2036-12-31T14:00:00Z,,
YARWUN,Yarwun,NEM,QLD1,-23.8309,151.151136,YARWUN_1,YARWUN_1,gas_ccgt,operating,154,180,,180,,2049-12-31T14:00:00+10:00,2010-07-08T10:35:00+10:00,2026-08-01T16:20:00+10:00
YATSF1,Yatpool,NEM,VIC1,-34.396363,142.173809,YATSF1,YATSF1,solar_utility,operating,94,81,,82.64,,2049-12-31T14:00:00+10:00,2020-11-18T12:25:00+10:00,2026-08-01T16:20:00+10:00
YAWWF,Yawong,NEM,VIC1,-36.471022,143.361722,YAWWF1,YAWWF1,wind,operating,7.2,7.2,,,,2047-12-31T14:00:00Z,,
YENDONWF,Yendon,NEM,VIC1,-37.630407,144.023136,YENDWF1,YENDWF1,wind,operating,144.4,142,,143.04,,2048-12-31T14:00:00+10:00,2019-06-19T00:05:00+10:00,2026-08-01T16:20:00+10:00